NEGERI,PPD,KODSEKOLAH,NAMASEKOLAH,NAMASEKOLAH_C,ALAMATSURAT,POSKODSURAT,BANDARSURAT,TARIKHTUBUHSEKOLAH,KOORDINATXX,KOORDINATYY
PERAK,PPD BATANG PADANG,ABC0050,SEKOLAH JENIS KEBANGSAAN (CINA) PHENG LOK,亚逸君令平乐华小,AIR KUNING,31920,KAMPAR,31/12/1926,101.14172,4.187181645
PERAK,PPD BATANG PADANG,ABC0051,SEKOLAH JENIS KEBANGSAAN (CINA) HWA MIN,地摩华民华小,JALAN STESEN,35350,TEMOH,31/12/1939,101.1908565,4.241557769
PERAK,PPD BATANG PADANG,ABC0052,SEKOLAH JENIS KEBANGSAAN (CINA) SUNGAI KROH,宋溪古罗华小,MAMBANG DI AWAN,31920,KAMPAR,10/10/1952,101.1400914,4.219439517
PERAK,PPD BATANG PADANG,ABC0053,SEKOLAH JENIS KEBANGSAAN (CINA) CHENDERIANG,积莪营华小,"NO.11, JALAN TEMOH",35300,CHENDERIANG,4/4/1930,101.2377389,4.263401381
PERAK,PPD BATANG PADANG,ABC0054,SEKOLAH JENIS KEBANGSAAN (CINA) KHEUNG WA,打巴强华华小,"LOT 1255, JALAN BIDOR",35000,TAPAH,31/12/1918,101.262542,4.193794663
PERAK,PPD BATANG PADANG,ABC0055,SEKOLAH JENIS KEBANGSAAN (CINA) BUKIT PAGAR,打巴宝结百家华小,KAMPUNG BARU BUKIT PAGAR,35000,TAPAH,10/9/1952,101.2678616,4.184678877
PERAK,PPD BATANG PADANG,ABC0056,SEKOLAH JENIS KEBANGSAAN (CINA) PEKAN GETAH,打巴律北根吉打华小,PEKAN GETAH,35400,TAPAH ROAD,12/5/1952,101.2241798,4.188137182
PERAK,PPD BATANG PADANG,ABC0057,SEKOLAH JENIS KEBANGSAAN (CINA) PHUI CHEN,打巴律培正华小,JALAN CHANGKAT PETAI,35400,TAPAH ROAD,31/12/1926,101.1909753,4.173431376
PERAK,PPD BATANG PADANG,ABC0058,SEKOLAH JENIS KEBANGSAAN (CINA) KAMPONG PAHANG,打巴金榜彭亨华小,JALAN PAHANG,35000,TAPAH,17/10/1952,101.275288,4.217173
PERAK,PPD BATANG PADANG,ABC0059,SEKOLAH JENIS KEBANGSAAN (CINA) HWA LIAN,万岭华联华小,BANIR,35400,TAPAH ROAD,1/1/1930,101.1806573,4.209876293
PERAK,PPD BATANG PADANG,ABC0060,SEKOLAH JENIS KEBANGSAAN (CINA) CHOONG HUA (1),美罗中华华小一校,JALAN SEKOLAH,35500,BIDOR,31/12/1923,101.2851245,4.1118243
PERAK,PPD BATANG PADANG,ABC0061,SEKOLAH JENIS KEBANGSAAN (CINA) CHOONG HUA (2),美罗中华华小二校,TAMAN BUKIT,35500,BIDOR,2/1/1936,101.2911222,4.121465996
PERAK,PPD BATANG PADANG,ABC0062,SEKOLAH JENIS KEBANGSAAN (CINA) PIN MIN,美罗火车站平民华小,BIDOR STESEN,35500,BIDOR,31/12/1937,101.266144,4.106452
PERAK,PPD BATANG PADANG,ABC0063,SEKOLAH JENIS KEBANGSAAN (CINA) KG COLDSTREAM,美罗冷水河华小,KAMPONG COLDSTREAM,35500,BIDOR,11/9/1946,101.2384859,4.046416733
PERAK,PPD BATANG PADANG,ABC0064,SEKOLAH JENIS KEBANGSAAN (CINA) TANAH MAS,美罗丹那马士华小,KG BARU TANAH MAS,35500,BIDOR,1/1/1951,101.2661687,4.144082836
PERAK,PPD BATANG PADANG,ABC0065,SEKOLAH JENIS KEBANGSAAN (CINA) PEKAN PASIR,美罗卜干巴沙华小,KAMPUNG BARU PEKAN PASIR,35500,BIDOR,31/12/1951,101.2873082,4.068971371
PERAK,PPD BATANG PADANG,ABC0066,SEKOLAH JENIS KEBANGSAAN (CINA) KUALA BIKAM,美罗瓜拉美金华小,KAMPUNG KUALA BIKAM,35500,BIDOR,15/7/1950,101.2409338,4.022887393
PERAK,PPD BATANG PADANG,ABC0067,SEKOLAH JENIS KEBANGSAAN (CINA) KHAI MENG,宋溪启明华小,SUNGKAI,35600,SUNGKAI,31/12/1920,101.310922,3.996934589
PERAK,PPD MANJUNG,ABC1046,SEKOLAH JENIS KEBANGSAAN (CINA) HWA LIAN (1),邦咯岛华联一校,JALAN PASIR BOGAK,32300,PANGKOR,1/1/1951,100.5611895,4.212684942
PERAK,PPD MANJUNG,ABC1047,SEKOLAH JENIS KEBANGSAAN (CINA) HWA LIAN (2),邦咯岛华联二校,SUNGAI PINANG BESAR,32300,PANGKOR,1/1/1966,100.574504,4.219785
PERAK,PPD MANJUNG,ABC1048,SEKOLAH JENIS KEBANGSAAN (CINA) ENG LING,红土坎永宁华小,"LOT 9894, JALAN DESA MANJUNG 2, TAMAN DESA MANJUNG POINT",32200,LUMUT,4/6/1922,100.6563011,4.216041209
PERAK,PPD MANJUNG,ABC1049,SEKOLAH JENIS KEBANGSAAN (CINA) PING MIN,本律平民华小,KG. PUNDUT,32200,LUMUT,7/9/1952,100.6365136,4.211616108
PERAK,PPD MANJUNG,ABC1051,SEKOLAH JENIS KEBANGSAAN (CINA) KUR SENG,实兆远革成华小,KAMPUNG SITIAWAN,32000,SITIAWAN,1/1/1921,100.6919544,4.241287826
PERAK,PPD MANJUNG,ABC1052,SEKOLAH JENIS KEBANGSAAN (CINA) CHUNG CHENG,实兆远中正华小,JALAN RAJA OMAR,32000,SITIAWAN,1/1/1920,100.6984351,4.20986509
PERAK,PPD MANJUNG,ABC1053,SEKOLAH JENIS KEBANGSAAN (CINA) UK ING,福清洋育英华小,KG CINA,32000,SITIAWAN,1/1/1922,100.6851633,4.193346569
PERAK,PPD MANJUNG,ABC1054,SEKOLAH JENIS KEBANGSAAN (CINA) CHINESE NATIONAL,甘文阁国民华小,KG. KOH,32000,SITIAWAN,1/1/1919,100.6990635,4.194845948
PERAK,PPD MANJUNG,ABC1055,SEKOLAH JENIS KEBANGSAAN (CINA) UK DIH,甘文阁育智华小,"JLN LEKIR, KG KOH",32000,SITIAWAN,1/1/1918,100.7045904,4.187283096
PERAK,PPD MANJUNG,ABC1056,SEKOLAH JENIS KEBANGSAAN (CINA) CHIEN HUA,二条路建华华小,SIMPANG DUA,32010,SITIAWAN,1/1/1927,100.7284496,4.202358935
PERAK,PPD MANJUNG,ABC1057,SEKOLAH JENIS KEBANGSAAN (CINA) PEKAN GURNEY,格尼市华小,PEKAN GURNEY,32010,SITIAWAN,1/1/1924,100.7465467,4.224031815
PERAK,PPD MANJUNG,ABC1058,SEKOLAH JENIS KEBANGSAAN (CINA) SIMPANG LIMA,五条路华小,SIMPANG LIMA,32010,SITIAWAN,1/1/1952,100.7589291,4.247336415
PERAK,PPD MANJUNG,ABC1059,SEKOLAH JENIS KEBANGSAAN (CINA) KOK MING,新甘光国民华小,KG. BAHARU(L),32400,AYER TAWAR,27/5/1925,100.675061,4.293385
PERAK,PPD MANJUNG,ABC1061,SEKOLAH JENIS KEBANGSAAN (CINA) AYER TAWAR,爱大华华小,JALAN AYER TAWAR,32400,AYER TAWAR,1/1/1952,100.7619346,4.294214111
PERAK,PPD MANJUNG,ABC1062,SEKOLAH JENIS KEBANGSAAN (CINA) MIN TE,爱大华民德华小,JLN SEKOLAH,32400,AYER TAWAR,1/1/1927,100.7602573,4.300560019
PERAK,PPD MANJUNG,ABC1063,SEKOLAH JENIS KEBANGSAAN (CINA) KAMPUNG JERING,爱大华哲仁华小,KAMPUNG JERING,32400,AYER TAWAR,1/1/1953,100.7800617,4.347858734
PERAK,PPD MANJUNG,ABC1064,SEKOLAH JENIS KEBANGSAAN (CINA) PEI MIN,培民华小,KG RAJA HITAM,32400,AYER TAWAR,1/1/1950,100.7514313,4.336647036
PERAK,PPD MANJUNG,ABC1065,SEKOLAH JENIS KEBANGSAAN (CINA) KAMPONG MERBAU,甘光马坡华小,JALAN PANTAI REMIS,32400,AYER TAWAR,1/1/1952,100.74886,4.337735
PERAK,PPD MANJUNG,ABC1066,SEKOLAH JENIS KEBANGSAAN (CINA) KHUEN HEAN,莫珍歪群贤华小,CHANGKAT KRUING,32500,CHANGKAT KRUING,1/3/1932,100.6888846,4.378532948
PERAK,PPD MANJUNG,ABC1067,SEKOLAH JENIS KEBANGSAAN (CINA) SUNGAI BATU,双溪峇都华小,SUNGAI BATU,34900,PANTAI REMIS,1/1/1949,100.6560503,4.432133366
PERAK,PPD MANJUNG,ABC1068,SEKOLAH JENIS KEBANGSAAN (CINA) PEI MIN,昔加里培民华小,SEGARI,32200,LUMUT,1/1/1939,100.625128,4.34647
PERAK,PPD MANJUNG,ABC1069,SEKOLAH JENIS KEBANGSAAN (CINA) TIT BIN,班台直民华小,PANTAI REMIS,34900,PANTAI REMIS,12/2/1923,100.630129,4.45984
PERAK,PPD MANJUNG,ABC1070,SEKOLAH JENIS KEBANGSAAN (CINA) PEI CHING,木歪培青华小,JALAN BERUAS TAIPING,32700,BERUAS,21/12/1924,100.781547,4.499848
PERAK,PPD MANJUNG,ABC1071,SEKOLAH JENIS KEBANGSAAN (CINA) YEN MIN,双礼佛渊民华小,JALAN BAGAN PANCHOR,34900,PANTAI REMIS,1/1/1932,100.6397246,4.52786632
PERAK,PPD KINTA UTARA,ABC2100,SEKOLAH JENIS KEBANGSAAN (CINA) YUK CHOY,怡保育才华小,"195, JALAN SULTAN ISKANDAR",30000,IPOH,1/1/1908,101.0880097,4.592705043
PERAK,PPD KINTA UTARA,ABC2101,SEKOLAH JENIS KEBANGSAAN (CINA) PERAK,怡保霹雳华小,"87, PEOPLE'S PARK",30000,IPOH,1/1/1917,101.0785139,4.593030896
PERAK,PPD KINTA UTARA,ABC2102,SEKOLAH JENIS KEBANGSAAN (CINA) SAM TET,怡保三德华小,"NO.22, JALAN GEREJA",30300,IPOH,31/12/1934,101.0874759,4.59491254
PERAK,PPD KINTA UTARA,ABC2103,SEKOLAH JENIS KEBANGSAAN (CINA) AVE MARIA CONVENT,怡保圣母华小,JALAN CHUNG THYE PHIN,30250,IPOH,1/1/1938,101.0885215,4.589617643
PERAK,PPD KINTA UTARA,ABC2104,SEKOLAH JENIS KEBANGSAAN (CINA) YUH HUA,怡保育华华小,TAMAN PERTAMA,30100,IPOH,6/7/1946,101.053879,4.593769
PERAK,PPD KINTA UTARA,ABC2105,SEKOLAH JENIS KEBANGSAAN (CINA) POI LAM,怡保培南华小,"PT21071, BANDAR BARU SRI KLEBANG, JALAN KUALA KANGSAR",31200,CHEMOR,7/7/1925,101.117782,4.692179
PERAK,PPD KINTA UTARA,ABC2106,SEKOLAH JENIS KEBANGSAAN (CINA) MIN TET,怡保明德华小,JALAN SPOONER FALIM,30200,IPOH,1/1/1912,101.062957,4.582996444
PERAK,PPD KINTA UTARA,ABC2107,SEKOLAH JENIS KEBANGSAAN (CINA) CHUNG SHAN,怡保中山华小,"129, JALAN TREACHER (S)",30000,IPOH,10/10/1939,101.077695,4.590849
PERAK,PPD KINTA UTARA,ABC2108,SEKOLAH JENIS KEBANGSAAN (CINA) SAM CHAI,怡保三才华小,JALAN SHAH BANDAR,31650,IPOH,1/1/1941,101.079777,4.580095
PERAK,PPD KINTA UTARA,ABC2109,SEKOLAH JENIS KEBANGSAAN (CINA) PASIR PINJI (1),巴沙彬如华小一校,JALAN PADANG,31650,IPOH,29/6/1939,101.0901031,4.572613352
PERAK,PPD KINTA UTARA,ABC2110,SEKOLAH JENIS KEBANGSAAN (CINA) PASIR PINJI (2),巴沙彬如华小二校,JLN SEKOLAH,31650,IPOH,1/1/1962,101.089644,4.571977
PERAK,PPD KINTA UTARA,ABC2111,SEKOLAH JENIS KEBANGSAAN (CINA) GUNTONG,怡保文冬华小,"JALAN SEKOLAH, KG. BARU BUNTONG",30100,IPOH,1/11/1951,101.0598905,4.595964098
PERAK,PPD KINTA UTARA,ABC2112,SEKOLAH JENIS KEBANGSAAN (CINA) WAN HWA (1),万里望万华华小一校,NO 1 JLN LEE LOY SENG MENGLEMBU,31450,MENGLEMBU,1/1/1914,101.0472643,4.567323827
PERAK,PPD KINTA UTARA,ABC2113,SEKOLAH JENIS KEBANGSAAN (CINA) WAN HWA (2),万里望万华华小二校,TAMAN RASI JAYA,31450,MENGLEMBU,1/1/1914,101.032029,4.577768
PERAK,PPD KINTA UTARA,ABC2114,SEKOLAH JENIS KEBANGSAAN (CINA) CHUNG TACK,怡保崇德华小,"LEBUH 2, SIMEE",31400,IPOH,8/10/1935,101.10668,4.617304
PERAK,PPD KINTA UTARA,ABC2115,SEKOLAH JENIS KEBANGSAAN (CINA) BERCHAM,怡保巴占华小,"LORONG 8, BERCHAM",31400,IPOH,1/9/1951,101.129044,4.637589
PERAK,PPD KINTA UTARA,ABC2116,SEKOLAH JENIS KEBANGSAAN (CINA) MIN SIN,怡保安邦明新华小,AMPANG BARU,31350,IPOH,1/11/1911,101.1258696,4.58634175
PERAK,PPD KINTA UTARA,ABC2117,SEKOLAH JENIS KEBANGSAAN (CINA) HING HWA,打扪兴华华小,"JALAN AMPANG, TAMBUN",31400,IPOH,1/1/1924,101.1397969,4.608087678
PERAK,PPD KINTA UTARA,ABC2118,SEKOLAH JENIS KEBANGSAAN (CINA) TAT CHOI,红毛丹达才华小,"7, JALAN MAJLIS",31250,TANJONG RAMBUTAN,11/5/1911,101.155666,4.671286
PERAK,PPD KINTA UTARA,ABC2119,SEKOLAH JENIS KEBANGSAAN (CINA) CHANGKAT KINDING,曾吉京丁华小,CHANGKAT KINDING,31250,TANJONG RAMBUTAN,1/1/1949,101.1522,4.69996
PERAK,PPD KINTA UTARA,ABC2120,SEKOLAH JENIS KEBANGSAAN (CINA) ST MICHAEL & ALL ANGELS,甘榜斗华圣美嘉华小,JALAN ST MICHAEL KG TAWAS,30010,IPOH,1/1/1930,101.098538,4.649858
PERAK,PPD KINTA UTARA,ABC2121,SEKOLAH JENIS KEBANGSAAN (CINA) KAMPUNG TAWAS,甘榜斗华华小,"LORONG TAWAS 29, KAMPUNG TAWAS",30010,IPOH,1/1/1952,101.0979528,4.64685887
PERAK,PPD KINTA UTARA,ABC2122,SEKOLAH JENIS KEBANGSAAN (CINA) PEI CHENG,珠宝培正华小,JALAN NANGKA,31200,CHEMOR,1/1/1926,101.1160197,4.720089163
PERAK,PPD KINTA UTARA,ABC2123,SEKOLAH JENIS KEBANGSAAN (CINA) KUALA KUANG,瓜拉光华小,KAMPUNG BARU KUALA KUANG,31200,CHEMOR,4/7/1952,101.10992,4.711121
PERAK,PPD KINTA UTARA,ABC2124,SEKOLAH JENIS KEBANGSAAN (CINA) TANAH HITAM,丹那依淡华小,TANAH HITAM,31200,CHEMOR,19/11/1951,101.1426762,4.726641009
PERAK,PPD KINTA UTARA,ABC2125,SEKOLAH JENIS KEBANGSAAN (CINA) CHONG HWA,拱桥中华华小,KANTHAN BARU,31200,CHEMOR,1/1/1935,101.119987,4.742927133
PERAK,PPD KINTA UTARA,ABC2126,SEKOLAH JENIS KEBANGSAAN (CINA) JELAPANG,怡保九洞华小,"JALAN SEKOLAH, JELAPANG",30020,IPOH,1/1/1919,101.0604928,4.634478624
PERAK,PPD KINTA UTARA,ABC2127,SEKOLAH JENIS KEBANGSAAN (CINA) BUKIT MERAH,怡保红泥山华小,BUKIT MERAH,31500,LAHAT,21/10/1951,101.0406331,4.549127427
PERAK,PPD KINTA UTARA,ABC2128,SEKOLAH JENIS KEBANGSAAN (CINA) LAHAT,拿乞华小,LAHAT,31500,LAHAT,1/1/1934,101.0364076,4.538085333
PERAK,PPD KINTA UTARA,ABC2129,SEKOLAH JENIS KEBANGSAAN (CINA) PAPAN,甲板华小,JALAN BESAR PAPAN,31550,PUSING,1/11/1925,101.012056,4.515172
PERAK,PPD KINTA UTARA,ABC2130,SEKOLAH JENIS KEBANGSAAN (CINA) YIT CHEE,布先益智华小,JALAN PANCHOR,31550,PUSING,1/1/1902,101.0090426,4.496032067
PERAK,PPD KINTA UTARA,ABC2131,SEKOLAH JENIS KEBANGSAAN (CINA) GUNONG HIJAU,布先喜州华小,GUNUNG HIJAU,31550,PUSING,5/11/1907,101.0080258,4.493538682
PERAK,PPD KINTA SELATAN,ABC2132,SEKOLAH JENIS KEBANGSAAN (CINA) SIPUTEH,埔地华小,JALAN PARIT,31560,SIPUTEH,1/1/1925,100.994886,4.467997
PERAK,PPD KINTA SELATAN,ABC2133,SEKOLAH JENIS KEBANGSAAN (CINA) CHUNG SUN,端洛中山华小,LORONG BOTA,31750,TRONOH,1/1/1945,100.986473,4.420241
PERAK,PPD KINTA SELATAN,ABC2134,SEKOLAH JENIS KEBANGSAAN (CINA) KAMPUNG BALI,端洛百利华小,KAMPUNG BALI,31750,TRONOH,1/11/1951,101.004923,4.392598
PERAK,PPD KINTA SELATAN,ABC2135,SEKOLAH JENIS KEBANGSAAN (CINA) KAMPUNG NALLA,端洛甘榜那拉华小,JALAN SEKOLAH,31750,TRONOH,1/11/1951,100.979369,4.422496
PERAK,PPD KINTA SELATAN,ABC2136,SEKOLAH JENIS KEBANGSAAN (CINA) YUK KWAN,华都牙也育群华小,"NO.8, JALAN KELAB",31000,BATU GAJAH,6/1/1911,101.0406816,4.467300742
PERAK,PPD KINTA SELATAN,ABC2137,SEKOLAH JENIS KEBANGSAAN (CINA) BEMBAN,华都牙也民万华小,KG BARU BEMBAN,31000,BATU GAJAH,11/1/1951,101.013056,4.462136
PERAK,PPD KINTA SELATAN,ABC2138,SEKOLAH JENIS KEBANGSAAN (CINA) THUNG HON,贞德隆同汉华小,CHENDRONG,31000,BATU GAJAH,1/3/1948,101.048024,4.408418
PERAK,PPD KINTA SELATAN,ABC2139,SEKOLAH JENIS KEBANGSAAN (CINA) THUNG HON,督亚冷同汉华小,JALAN BATU GAJAH,31800,TANJUNG TUALANG,1/1/1915,101.057088,4.325692
PERAK,PPD KINTA SELATAN,ABC2140,SEKOLAH JENIS KEBANGSAAN (CINA) SUNGAI DURIAN,宋溪榴梿华小,"JALAN PASAR BARU, SUNGAI DURIAN",31800,TANJONG TUALANG,1/1/1951,101.034138,4.316185
PERAK,PPD KINTA SELATAN,ABC2141,SEKOLAH JENIS KEBANGSAAN (CINA) KAMPONG TIMAH,督亚冷甘榜地马华小,JALAN PASAR KAMPUNG TIMAH,31800,TANJONG TUALANG,1/1/1951,101.051221,4.284072
PERAK,PPD KINTA UTARA,ABC2142,SEKOLAH JENIS KEBANGSAAN (CINA) GUNONG RAPAT,怡保昆仑喇叭华小,PERSIARAN GUNUNG RAPAT 6,31350,IPOH,1/7/1957,101.1189894,4.573187831
PERAK,PPD KINTA UTARA,ABC2143,SEKOLAH JENIS KEBANGSAAN (CINA) PHUI YING,新邦波赖培英华小,"SIMPANG PULAI, KG KEPAYANG",31300,KG KEPAYANG,1/1/1913,101.128635,4.531399
PERAK,PPD KINTA UTARA,ABC2158,SEKOLAH JENIS KEBANGSAAN (CINA) BANDAR SERI BOTANI,怡保翠林城华小,BANDAR SERI BOTANI,31350,IPOH,1/1/2007,101.1059594,4.540287124
PERAK,PPD KERIAN,ABC3048,SEKOLAH JENIS KEBANGSAAN (CINA) SIN HWA,巴力文打新华华小,JALAN ABD RAOF,34200,PARIT BUNTAR,1/1/1913,100.491891,5.126751
PERAK,PPD KERIAN,ABC3049,SEKOLAH JENIS KEBANGSAAN (CINA) BIN SIN,巴力文打民生华小,TITI SERONG,34200,PARIT BUNTAR,1/1/1930,100.462474,5.102691
PERAK,PPD KERIAN,ABC3050,SEKOLAH JENIS KEBANGSAAN (CINA) NAM HUA,角头南华华小,JALAN BESAR TANJONG PIANDANG,34250,TANJONG PIANDANG,20/11/1935,100.387092,5.076163
PERAK,PPD KERIAN,ABC3051,SEKOLAH JENIS KEBANGSAAN (CINA) WAI SIN,巴力文打新路维新华小,JALAN BAHRU,34200,PARIT BUNTAR,1/1/1929,100.472637,5.066629
PERAK,PPD KERIAN,ABC3052,SEKOLAH JENIS KEBANGSAAN (CINA) YU CHAI,瓜拉古楼育才华小,JALAN PANTAI,34350,KUALA KURAU,15/1/1928,100.43142,5.018147
PERAK,PPD KERIAN,ABC3053,SEKOLAH JENIS KEBANGSAAN (CINA) YUK HWA,瓜拉牛拉育华华小,KUALA GULA,34350,KUALA KURAU,1/1/1945,100.465365,4.930176
PERAK,PPD KERIAN,ABC3054,SEKOLAH JENIS KEBANGSAAN (CINA) CHONG WAH,新芒魏中华华小,SIMPANG EMPAT,34400,SEMANGGOL,1/1/1946,100.634738,4.951887
PERAK,PPD KERIAN,ABC3055,SEKOLAH JENIS KEBANGSAAN (CINA) TONG WAH,峇眼色海东华华小,PETI SURAT 67,34300,BAGAN SERAI,1/1/1910,100.5383725,5.009337549
PERAK,PPD KERIAN,ABC3056,SEKOLAH JENIS KEBANGSAAN (CINA) ALOR PONGSU,亚罗邦士华小,JALAN SELAMA,34300,BAGAN SERAI,1/1/1960,100.5867513,5.050225179
PERAK,PPD KERIAN,ABC3058,SEKOLAH JENIS KEBANGSAAN (CINA) AIK HWA,瓜拉古楼益华华小,KAMPONG LIANG SENG,34350,KUALA KURAU,1/1/1946,100.50196,4.98879
PERAK,PPD KUALA KANGSAR,ABC4091,SEKOLAH JENIS KEBANGSAAN (CINA) SAUK,江沙新寿活华小,SAUK,33500,KUALA KANGSAR,1/1/1933,100.9217483,4.935039977
PERAK,PPD KUALA KANGSAR,ABC4092,SEKOLAH JENIS KEBANGSAAN (CINA) LIMAN,江沙利民华小,LIMAN KATI,33020,KUALA KANGSAR,1/1/1954,100.904128,4.851788
PERAK,PPD KUALA KANGSAR,ABC4093,SEKOLAH JENIS KEBANGSAAN (CINA) KHAI CHEE,加地启智华小,KATI,33020,KUALA KANGSAR,16/4/1931,100.9062268,4.874925407
PERAK,PPD KUALA KANGSAR,ABC4094,SEKOLAH JENIS KEBANGSAAN (CINA) KHIU MIN,硝山侨民华小,"JALAN BESAR, PADANG RENGAS",33700,KUALA KANGSAR,1/1/1929,100.841271,4.775459823
PERAK,PPD KUALA KANGSAR,ABC4095,SEKOLAH JENIS KEBANGSAAN (CINA) TSUNG WAH,江沙崇华华小,JALAN KANGSAR,33000,KUALA KANGSAR,4/10/1911,100.9416579,4.769541198
PERAK,PPD KUALA KANGSAR,ABC4096,SEKOLAH JENIS KEBANGSAAN (CINA) JERLUN,瑶伦华小,KAMPUNG BARU JERLUN,33000,KUALA KANGSAR,1/9/1933,100.9116501,4.731621762
PERAK,PPD KUALA KANGSAR,ABC4097,SEKOLAH JENIS KEBANGSAAN (CINA) MANONG,万浓华小,JALAN BESAR MANONG,33800,MANONG,1/1/1937,100.8822414,4.59002827
PERAK,PPD KUALA KANGSAR,ABC4100,SEKOLAH JENIS KEBANGSAAN (CINA) SEY WAH,永梧时化华小,"NO.70,DEPAN BALAI POLIS",33600,ENGGOR,1/1/1925,100.9658498,4.835202332
PERAK,PPD KUALA KANGSAR,ABC4101,SEKOLAH JENIS KEBANGSAAN (CINA) SALAK BAHRU,新沙叻华小,SALAK BAHRU,31050,SALAK UTARA,1/1/1936,100.9950846,4.842987514
PERAK,PPD KUALA KANGSAR,ABC4102,SEKOLAH JENIS KEBANGSAAN (CINA) HING WA,沙叻兴华华小,PEKAN SALAK UTARA,31050,SALAK UTARA,1/1/2002,101.0091457,4.835582416
PERAK,PPD KUALA KANGSAR,ABC4103,SEKOLAH JENIS KEBANGSAAN (CINA) SUNGAI BULOH,和丰竹笆华小,KG.BARU SG.BULOH,31100,SUNGAI SIPUT (U),16/1/1951,101.0687983,4.818559955
PERAK,PPD KUALA KANGSAR,ABC4104,SEKOLAH JENIS KEBANGSAAN (CINA) SHING CHUNG,和丰兴中华小,BELAKANG PEKAN,31100,SUNGAI SIPUT (U),1/1/1912,101.0712568,4.822598555
PERAK,PPD KUALA KANGSAR,ABC4105,SEKOLAH JENIS KEBANGSAAN (CINA) SIMPANG JALONG,和丰新邦椰朗华小,KAMPUNG BARU SIMPANG JALONG,31100,SG. SIPUT (U),10/7/1951,101.0896995,4.824414443
PERAK,PPD KUALA KANGSAR,ABC4106,SEKOLAH JENIS KEBANGSAAN (CINA) LINTANG,和丰连登华小,LOT 3926 KAMPUNG LINTANG,31110,SUNGAI SIPUT (U),1/1/1938,101.104801,4.93637
PERAK,PPD KUALA KANGSAR,ABC4107,SEKOLAH JENIS KEBANGSAAN (CINA) LASAH,和丰叻沙华小,LASAH,31110,SUNGAI SIPUT (U),1/1/1959,101.1205107,4.95282124
PERAK,PPD KUALA KANGSAR,ABC4108,SEKOLAH JENIS KEBANGSAAN (CINA) RIMBA PANJANG,和丰林玛班映华小,KAMPUNG RIMBA PANJANG,31100,SUNGAI SIPUT (U),1/1/1935,101.1014231,4.796335548
PERAK,PPD HILIR PERAK,ABC5081,SEKOLAH JENIS KEBANGSAAN (CINA) WAH KEOW,冷甲华侨华小,LOT 4987 JALAN CHUI CHAK,36700,LANGKAP,31/12/1934,101.153458,4.073042
PERAK,PPD HILIR PERAK,ABC5082,SEKOLAH JENIS KEBANGSAAN (CINA) PELAWAN,巴拉湾华小,KAMPUNG PELAWAN,36700,LANGKAP,31/12/1950,101.186965,4.067969
PERAK,PPD HILIR PERAK,ABC5083,SEKOLAH JENIS KEBANGSAAN (CINA) BATU DUABELAS,美罗路十二碑华小,JALAN BIDOR,36020,TELUK INTAN,31/12/1946,101.175174,4.003467
PERAK,PPD HILIR PERAK,ABC5084,SEKOLAH JENIS KEBANGSAAN (CINA) CHUI CHAK,水闸华小,JALAN SUNGAI,36700,LANGKAP,4/5/1950,101.170205,4.047425
PERAK,PPD HILIR PERAK,ABC5085,SEKOLAH JENIS KEBANGSAAN (CINA) SAN MIN 1,安顺三民华小一校,JALAN PUTRA,36000,TELUK INTAN,12/2/1929,101.017294,4.028293
PERAK,PPD HILIR PERAK,ABC5086,SEKOLAH JENIS KEBANGSAAN (CINA) SAN MIN 2,安顺三民华小二校,JALAN PUTRA,36000,TELUK INTAN,12/2/1929,101.017518,4.028163
PERAK,PPD HILIR PERAK,ABC5087,SEKOLAH JENIS KEBANGSAAN (CINA) PHOOI YONG,安顺培养华小,NO: 247 JALAN PASIR BEDAMAR,36000,TELUK INTAN,30/12/1954,101.008633,4.032287
PERAK,PPD HILIR PERAK,ABC5088,SEKOLAH JENIS KEBANGSAAN (CINA) CHONG MIN,安顺钟民华小,1997 JALAN PADANG TEMBAK,36000,TELUK INTAN,7/7/1947,101.013579,4.001753
PERAK,PPD HILIR PERAK,ABC5089,SEKOLAH JENIS KEBANGSAAN (CINA) CHUNG HWA,双溪泗里中华华小,KAMPUNG SUNGAI SULI,36008,TELUK INTAN,29/7/1956,101.032563,4.043379
PERAK,PPD LARUT/MATANG/SELAMA,ABC6074,SEKOLAH JENIS KEBANGSAAN (CINA) HUA LIAN (1),太平华联华小一校,JALAN IZUDDIN SHAH,34000,TAIPING,1/1/1953,100.7251154,4.854145401
PERAK,PPD LARUT/MATANG/SELAMA,ABC6075,SEKOLAH JENIS KEBANGSAAN (CINA) HUA LIAN (2),太平华联华小二校,"LOT 16747, JALAN PERTAMA 15, TAMAN PERTAMA",34000,TAIPING,1/1/1965,100.7243876,4.853332633
PERAK,PPD LARUT/MATANG/SELAMA,ABC6076,SEKOLAH JENIS KEBANGSAAN (CINA) HUA LIAN (3),太平华联华小三校,"JLN. CEMPEDAK , KG. JAMBU",34000,TAIPING,1/1/1965,100.7425433,4.84111343
PERAK,PPD LARUT/MATANG/SELAMA,ABC6077,SEKOLAH JENIS KEBANGSAAN (CINA) POKOK ASSAM,太平保阁亚三华小,JALAN POKOK ASSAM,34000,TAIPING,1/2/1952,100.7401313,4.830361157
PERAK,PPD LARUT/MATANG/SELAMA,ABC6078,SEKOLAH JENIS KEBANGSAAN (CINA) AULONG,太平后廊华小,"LORONG 42, KAMPUNG BARU AULONG",34000,TAIPING,31/12/1952,100.712289,4.854790663
PERAK,PPD LARUT/MATANG/SELAMA,ABC6079,SEKOLAH JENIS KEBANGSAAN (CINA) PHUI CHOI,甘文丁培才华小,JALAN KAMUNTING LAMA LORONG KAMUNTING,34600,KAMUNTING,1/9/1927,100.734247,4.88919
PERAK,PPD LARUT/MATANG/SELAMA,ABC6080,SEKOLAH JENIS KEBANGSAAN (CINA) SIN MIN,新板新民华小,KAMPUNG SIMPANG MAKMUR,34700,SIMPANG,1/1/1928,100.7124217,4.81880938
PERAK,PPD LARUT/MATANG/SELAMA,ABC6082,SEKOLAH JENIS KEBANGSAAN (CINA) KWONG MAN,峇都古劳光明华小,JALAN BESAR,34500,BATU KURAU,1/1/1924,100.7971754,4.975718974
PERAK,PPD LARUT/MATANG/SELAMA,ABC6083,SEKOLAH JENIS KEBANGSAAN (CINA) PHOOI WAH,日莱培华华小,"JALAN BESAR, JELAI",34520,BATU KURAU,1/1/1938,100.8099066,5.012715859
PERAK,PPD LARUT/MATANG/SELAMA,ABC6084,SEKOLAH JENIS KEBANGSAAN (CINA) KHEA WAH,马登启华华小,JALAN CINA,34750,MATANG,1/1/1927,100.6729267,4.820015036
PERAK,PPD LARUT/MATANG/SELAMA,ABC6085,SEKOLAH JENIS KEBANGSAAN (CINA) POAY ENG,十八丁培英华小,JALAN TRUMP,34650,KUALA SEPETANG,15/4/1926,100.6292731,4.837010871
PERAK,PPD LARUT/MATANG/SELAMA,ABC6086,SEKOLAH JENIS KEBANGSAAN (CINA) POAY CHEE,老港培智华小,KUALA SANGGA,34650,KUALA SEPETANG,1/1/1945,100.5606862,4.853006447
PERAK,PPD LARUT/MATANG/SELAMA,ABC6087,SEKOLAH JENIS KEBANGSAAN (CINA) YUK CHUEN,章吉遮令育群华小,JALAN KUALA KANGSAR,34850,CHANGKAT JERING,1/1/1946,100.719637,4.790372308
PERAK,PPD LARUT/MATANG/SELAMA,ABC6088,SEKOLAH JENIS KEBANGSAAN (CINA) SIU SIN,直弄修身华小,JALAN BESAR,34800,TRONG,17/2/1922,100.7186585,4.708184853
PERAK,PPD LARUT/MATANG/SELAMA,ABC6089,SEKOLAH JENIS KEBANGSAAN (CINA) NGAI SENG,毅成华小,AIR TERJUN,34800,TRONG,28/7/1946,100.7108508,4.642891497
PERAK,PPD LARUT/MATANG/SELAMA,ABC6091,SEKOLAH JENIS KEBANGSAAN (CINA) SUNGAI ROTAN,直弄双溪罗丹华小,KAMPUNG SUNGAI ROTAN,34800,TRONG,1/1/1952,100.7330373,4.555803855
PERAK,PPD LARUT/MATANG/SELAMA,ABC6092,SEKOLAH JENIS KEBANGSAAN (CINA) KHAY HWA,双溪吉隆启华华小,SUNGAI KERANG,34800,TRONG,1/1/1946,100.6825648,4.596759087
PERAK,PPD LARUT/MATANG/SELAMA,ABC6093,SEKOLAH JENIS KEBANGSAAN (CINA) SIN HUA,淡不落新华华小,TEMERLOH,34800,TRONG,1/1/1930,100.6940926,4.651909675
PERAK,PPD LARUT/MATANG/SELAMA,ABC6094,SEKOLAH JENIS KEBANGSAAN (CINA) AIK HUA,大直弄益华华小,PASIR HITAM,34000,TAIPING,1/1/1940,100.6151751,4.64614064
PERAK,PPD LARUT/MATANG/SELAMA,ABC6095,SEKOLAH JENIS KEBANGSAAN (CINA) CHI SHENG (1),司南马志成华小一校,109 JALAN BESAR,34100,SELAMA,1/1/1919,100.6911685,5.219161706
PERAK,PPD LARUT/MATANG/SELAMA,ABC6096,SEKOLAH JENIS KEBANGSAAN (CINA) CHI SHENG (2),志成华小二校,RANTAU PANJANG,34140,RANTAU PANJANG,1/1/1936,100.7317642,5.240368664
PERAK,PPD LARUT/MATANG/SELAMA,ABC6097,SEKOLAH JENIS KEBANGSAAN (CINA) REDANG PANJANG,怡郁华小,IJOK,34510,BATU KURAU,1/1/1935,100.78311,5.114303
PERAK,PPD LARUT/MATANG/SELAMA,ABC6098,SEKOLAH JENIS KEBANGSAAN (CINA) SUNGAI TERAP,司南马双溪打立华小,LORONG 2 SUNGAI TERAP,34100,SELAMA,4/5/1952,100.6830733,5.203902701
PERAK,PPD HULU PERAK,ABC7036,SEKOLAH JENIS KEBANGSAAN (CINA) EOK KWAN,高乌育权华小,JALAN TASEK,33100,PENGKALAN HULU,1/1/1934,100.998436,5.706103
PERAK,PPD HULU PERAK,ABC7037,SEKOLAH JENIS KEBANGSAAN (CINA) KUNG LI,仁丹公立华小,KLIAN INTAN,33200,PENGKALAN HULU,1/1/1943,101.019826,5.634072
PERAK,PPD HULU PERAK,ABC7038,SEKOLAH JENIS KEBANGSAAN (CINA) KG. BAHARU BATU DUA,宜力峇都鲁亚华小,KG. BAHARU BATU DUA,33300,GERIK,12/5/1952,101.134705,5.449621
PERAK,PPD HULU PERAK,ABC7039,SEKOLAH JENIS KEBANGSAAN (CINA) KUALA RUI,宜里高拉雷华小,KAMPONG BARU KUALA RUI,33300,GERIK,1/1/1940,101.173565,5.458753
PERAK,PPD HULU PERAK,ABC7040,SEKOLAH JENIS KEBANGSAAN (CINA) CHUNG WA,宜力中华华小,JALAN SEKOLAH CINA,33300,GERIK,1/1/1925,101.131383,5.428956
PERAK,PPD HULU PERAK,ABC7041,SEKOLAH JENIS KEBANGSAAN (CINA) AYER KALA,爱育嘉拉华小,KG. BARU AYER KALA,33420,LENGGONG,18/3/1948,101.055555,5.196287
PERAK,PPD HULU PERAK,ABC7042,SEKOLAH JENIS KEBANGSAAN (CINA) SELAT PAGAR,士力百加华小,KG SELAT PAGAR,33420,LENGGONG,1/1/1948,101.036818,5.180065
PERAK,PPD HULU PERAK,ABC7043,SEKOLAH JENIS KEBANGSAAN (CINA) PADANG GRUS,巴登古鲁华小,KG BARU PADANG GRUS,33420,LENGGONG,8/8/1954,101.014094,5.163667
PERAK,PPD HULU PERAK,ABC7044,SEKOLAH JENIS KEBANGSAAN (CINA) YEONG HWA,玲珑仰华华小,LORONG PEJABAT PELADANG,33400,LENGGONG,1/4/1923,100.9687448,5.107769826
PERAK,PPD HULU PERAK,ABC7045,SEKOLAH JENIS KEBANGSAAN (CINA) KOTA TAMPAN,玲珑哥打淡板华小,KOTA TAMPAN,33400,LENGGONG,1/1/1936,100.966546,5.056036
PERAK,PPD HULU PERAK,ABC7046,SEKOLAH JENIS KEBANGSAAN (CINA) KHAY BENG,玲珑拉挽启明华小,TASEK RABAN,33400,LENGGONG,1/12/1939,100.944893,5.002522
PERAK,PPD PERAK TENGAH,ABC8401,SEKOLAH JENIS KEBANGSAAN (CINA) CHUNG HWA,巴力中华华小,JALAN BELANJA,32800,PARIT,12/5/1922,100.9099073,4.479160194
PERAK,PPD KINTA SELATAN,ABC9001,SEKOLAH JENIS KEBANGSAAN (CINA) NEW KOPISAN,务边新咖啡山华小,"JALAN SEKOLAH, KOPISAN BARU",31600,GOPENG,1/9/1923,101.162647,4.461803
PERAK,PPD KINTA SELATAN,ABC9002,SEKOLAH JENIS KEBANGSAAN (CINA) MAN MING,务边文明华小,JALAN TASIK,31600,GOPENG,15/10/1912,101.16773,4.476475
PERAK,PPD KINTA SELATAN,ABC9003,SEKOLAH JENIS KEBANGSAAN (CINA) LAWAN KUDA BARU,务边拉湾古打华小,"JALAN 4, LAWAN KUDA BARU",31600,GOPENG,14/10/1951,101.161777,4.45115
PERAK,PPD KINTA SELATAN,ABC9004,SEKOLAH JENIS KEBANGSAAN (CINA) JERAM,也南华小,KG.BARU JERAM,31850,JERAM,1/7/1952,101.153122,4.387365
PERAK,PPD KINTA SELATAN,ABC9005,SEKOLAH JENIS KEBANGSAAN (CINA) YING SING,双溪古月应新华小,JALAN BESAR MALIM NAWAR,31700,MALIM NAWAR,1/1/1926,101.117766,4.352177
PERAK,PPD KINTA SELATAN,ABC9006,SEKOLAH JENIS KEBANGSAAN (CINA) SIN MIN,金宝新民华小,SUNGAI SIPUT SELATAN,31900,KAMPAR,27/10/1913,101.193078,4.392539
PERAK,PPD KINTA SELATAN,ABC9007,SEKOLAH JENIS KEBANGSAAN (CINA) PEI YUAN,金宝培元华小,NO 9 JLN DIPANG,31907,KAMPAR,1/1/1912,101.154215,4.318857
PERAK,PPD KINTA SELATAN,ABC9008,SEKOLAH JENIS KEBANGSAAN (CINA) MAMBANG DIAWAN,金宝万邦刁湾华小,"JALAN BELIDA, MAMBANG DI AWAN",31950,KAMPAR,1/1/1952,101.144763,4.26681
PERAK,PPD KINTA SELATAN,ABC9009,SEKOLAH JENIS KEBANGSAAN (CINA) SIN MIN,金宝东兴港新民华小,TRONOH MINES,31910,KAMPAR,1/1/1946,101.086343,4.272073
PERAK,PPD KINTA SELATAN,ABC9010,SEKOLAH JENIS KEBANGSAAN (CINA) KAMPAR GIRLS,金宝公立华小,JALAN AMPANG,31907,KAMPAR,1/1/1916,101.1548835,4.313966278
PERAK,PPD KINTA SELATAN,ABC9011,SEKOLAH JENIS KEBANGSAAN (CINA) CHUNG HUAH,金宝中华华小,JALAN BHARU,31907,KAMPAR,1/1/1920,101.154967,4.310306
PERAK,PPD KINTA SELATAN,ABC9012,SEKOLAH JENIS KEBANGSAAN (CINA) YU YING,万邦刁湾毓英华小,"JALAN TENGAS, MAMBANG DIAWAN",31950,KAMPAR,1/1/1952,101.147196,4.261242
PERAK,PPD MUALLIM,ABCA001,SEKOLAH JENIS KEBANGSAAN (CINA) HO PIN,仕林河和平华小,"KAMPUNG BARU, SLIM VILLAGE",35800,SLIM RIVER,2/10/1935,101.47924,3.850721
PERAK,PPD MUALLIM,ABCA002,SEKOLAH JENIS KEBANGSAAN (CINA) PHIN MIN,美冷平民华小,BEHRANG STESEN,35950,BEHRANG STESEN,1/7/1918,101.4486947,3.743547153
PERAK,PPD MUALLIM,ABCA003,SEKOLAH JENIS KEBANGSAAN (CINA) CHIN HUA,仕林河菁华华小,PEKAN SLIM RIVER,35800,SLIM RIVER,25/9/1926,101.4003641,3.832999367
PERAK,PPD MUALLIM,ABCA004,SEKOLAH JENIS KEBANGSAAN (CINA) BEHRANG ULU,美冷乌噜华小,BEHRANG ULU,35910,TANJONG MALIM,31/12/1954,101.496792,3.75595
PERAK,PPD MUALLIM,ABCA005,SEKOLAH JENIS KEBANGSAAN (CINA) CHUNG SIN,丹绒马林重新华小,"121-122, JLN KETOYONG",35900,TANJONG MALIM,31/12/1914,101.520456,3.684052
PERAK,PPD BAGAN DATUK,ABCB001,SEKOLAH JENIS KEBANGSAAN (CINA) YEONG SENG,半港仁拿打养成华小,"BATU 10, JENDARATA",36400,HUTAN MELINTANG,31/12/1926,100.945371,3.913763
PERAK,PPD BAGAN DATUK,ABCB002,SEKOLAH JENIS KEBANGSAAN (CINA) POOI SENG,半港十三英里培成华小,BATU 13,36400,HUTAN MELINTANG,1/1/1944,100.902336,3.892379
PERAK,PPD BAGAN DATUK,ABCB003,SEKOLAH JENIS KEBANGSAAN (CINA) POOI AING,双溪泗文培英华小,PARIT 7,36300,SUNGAI SUMUN,31/12/1931,100.853883,3.891486
PERAK,PPD BAGAN DATUK,ABCB004,SEKOLAH JENIS KEBANGSAAN (CINA) KEOW MIN,半港侨民华小,JALAN TEPI SUNGAI,36400,HUTAN MELINTANG,31/12/1952,100.930778,3.873982
PERAK,PPD BAGAN DATUK,ABCB005,SEKOLAH JENIS KEBANGSAAN (CINA) SIN MIN,双怡杖新民华小,SUNGAI TIANG,36200,SELEKOH,31/12/1951,100.7139595,3.909661202
PERAK,PPD BAGAN DATUK,ABCB006,SEKOLAH JENIS KEBANGSAAN (CINA) CHONG SAN,双溪武隆中山华小,SUNGAI BURUNG,36100,BAGAN DATOH,31/12/1930,100.708308,3.976254
PERAK,PPD BAGAN DATUK,ABCB007,SEKOLAH JENIS KEBANGSAAN (CINA) HWA NAN,实里阁华南华小,BATU 23,36200,SELEKOH,1/8/1932,100.7705189,3.907341581
PERAK,PPD BAGAN DATUK,ABCB008,SEKOLAH JENIS KEBANGSAAN (CINA) HUA HSIA,峇眼拿督华夏华小,"JALAN PASAR, BAGAN DATOH",36100,BAGAN DATOH,15/7/1928,100.785163,3.989119
PERAK,PPD BAGAN DATUK,ABCB009,SEKOLAH JENIS KEBANGSAAN (CINA) YEE HWA,双吕江育华华小,SUNGAI BELUKANG,36200,SELEKOH,31/12/1946,100.741402,3.865931
PERAK,PPD BAGAN DATUK,ABCB010,SEKOLAH JENIS KEBANGSAAN (CINA) SIMPANG TIGA,新邦智嘉华小,"BATU 24, SIMPANG 3, JALAN BAGAN DATOH",36100,BAGAN DATOH,10/10/1967,100.776274,3.932895
PERAK,PPD BAGAN DATUK,ABCB011,SEKOLAH JENIS KEBANGSAAN (CINA) BAGAN PASIR LAUT,实里阁峇眼巴硕华小,JALAN BARU BAGAN PASIR LAUT,36200,SELEKOH,29/1/1927,100.818356,3.860158
SELANGOR,PPD KLANG,BBC0040,SEKOLAH JENIS KEBANGSAAN (CINA) PEREMPUAN,巴生中华女校,"95A, JALAN KOTA RAJA",41000,KLANG,27/10/1918,101.4530237,3.038801546
SELANGOR,PPD KLANG,BBC0041,SEKOLAH JENIS KEBANGSAAN (CINA) CHUEN MIN,直落玻璃循民华小,"LOT 389, JALAN JAMBU BOL / KS 1, TELOK PULAI",41100,KLANG,3/1/1946,101.4318582,3.038993473
SELANGOR,PPD KLANG,BBC0042,SEKOLAH JENIS KEBANGSAAN (CINA) CHUNG HUA,巴生中华华小,"NO1A, PERSIARAN ANGGERIK ERIA, SEC 31, KOTA KEMUNING",40460,SHAH ALAM,11/1/1911,101.534036,2.988307
SELANGOR,PPD KLANG,BBC0043,SEKOLAH JENIS KEBANGSAAN (CINA) HIN HUA,巴生兴华华小,"JALAN BATU NILAM, BANDAR BUKIT TINGGI",41200,KLANG,14/6/1947,101.4298227,3.010569828
SELANGOR,PPD KLANG,BBC0044,SEKOLAH JENIS KEBANGSAAN (CINA) HWA LIEN,吉胆岛华联华小,"JALAN SEKOLAH,PULAU KETAM",42940,PELABUHAN KLANG,15/2/1945,101.253998,3.022121
SELANGOR,PPD KLANG,BBC0045,SEKOLAH JENIS KEBANGSAAN (CINA) KENG CHEE,吉胆岛竞智华小,"BAGAN TEOCHEW, PULAU KETAM",42940,PELABUHAN KLANG,1/10/1946,101.244359,3.019706
SELANGOR,PPD KLANG,BBC0046,SEKOLAH JENIS KEBANGSAAN (CINA) KHE BENG,武吉肯文宁启明华小,"PERSIARAN KEMUNING PRIMA, SEKSYEN 32",40460,KLANG,1/1/1929,101.531943,3.013545
SELANGOR,PPD KLANG,BBC0047,SEKOLAH JENIS KEBANGSAAN (CINA) KONG HOE,巴生共和华小,"54, JALAN BATU TIGA",41300,KLANG,1/1/1919,101.452193,3.047183
SELANGOR,PPD KLANG,BBC0048,SEKOLAH JENIS KEBANGSAAN (CINA) LEE MIN,直落昻利民华小,KAMPUNG TELOK GONG,42000,PELABUHAN KLANG,6/11/1945,101.388833,2.959532
SELANGOR,PPD KLANG,BBC0049,SEKOLAH JENIS KEBANGSAAN (CINA) PANDAMARAN 'A',班达马兰华小 A 校,JALAN BESAR,42000,PELABUHAN KLANG,1/1/1950,101.412173,3.006243
SELANGOR,PPD KLANG,BBC0050,SEKOLAH JENIS KEBANGSAAN (CINA) PANDAMARAN 'B',班达马兰华小 B 校,JALAN YOUNG PANDAMARAN,42000,PELABUHAN KLANG,28/6/1954,101.4198666,3.01088482
SELANGOR,PPD KLANG,BBC0051,SEKOLAH JENIS KEBANGSAAN (CINA) PIN HWA (1),巴生滨华华小一校,"2, PERSIARAN SETIA MURNI,SETIA ALAM, SEKSYEN U13",40170,SHAH ALAM,27/8/1923,101.450963,3.114023
SELANGOR,PPD KLANG,BBC0052,SEKOLAH JENIS KEBANGSAAN (CINA) PUI YING,巴生培英华小,"BATU 4, JALAN KAPAR",42100,KLANG,1/1/1932,101.410973,3.072392
SELANGOR,PPD KLANG,BBC0053,SEKOLAH JENIS KEBANGSAAN (CINA) SIN BIN,吉胆岛新民华小,"SUNGAI LIMA, PULAU KETAM",42940,PELABUHAN KLANG,11/11/1937,101.277046,3.040391
SELANGOR,PPD KLANG,BBC0054,SEKOLAH JENIS KEBANGSAAN (CINA) SOO JIN,加埔树人华小,PEKAN KAPAR,42200,KAPAR,1/1/1926,101.37393,3.139819
SELANGOR,PPD KLANG,BBC0055,SEKOLAH JENIS KEBANGSAAN (CINA) TIONG HUA KOK BIN,巴生中华国民华小,"PEKAN MERU, BATU 6, OFF JALAN MERU",41050,KLANG,1/1/1924,101.439103,3.135503
SELANGOR,PPD KLANG,BBC0056,SEKOLAH JENIS KEBANGSAAN (CINA) TSHING NIAN,巴生青年华小,"25, JALAN TENGKU BADAR",42000,PELABUHAN KLANG,1/11/1915,101.396737,3.006473
SELANGOR,PPD KLANG,BBC0057,SEKOLAH JENIS KEBANGSAAN (CINA) WU TECK,巴生务德华小,"PERSIARAN DELIMA 3, BANDAR PARKLANDS",41200,KLANG,1/1/1919,101.4514874,2.968510004
SELANGOR,PPD KLANG,BBC0058,SEKOLAH JENIS KEBANGSAAN (CINA) YING WAH,加埔英华华小,"BATU 12, JALAN KAPAR",42200,KAPAR,1/1/1948,101.35067,3.145306
SELANGOR,PPD KLANG,BBC0059,SEKOLAH JENIS KEBANGSAAN (CINA) PIN HWA (2),巴生滨华华小二校,P.T. 51544 AMAN PERDANA,41050,KLANG,1/1/1974,101.407168,3.097844
SELANGOR,PPD KLANG,BBC0060,SEKOLAH JENIS KEBANGSAAN (CINA) TAMAN RASHNA,巴生兰花园华小,JALAN BATU TIGA LAMA,41300,KLANG,13/2/1989,101.472996,3.054553
SELANGOR,PPD KUALA LANGAT,BBC1035,SEKOLAH JENIS KEBANGSAAN (CINA) CHOONG HUA,万津中华华小,517 JALAN SULTAN ALAM SHAH,42700,BANTING,15/12/1936,101.497686,2.807774
SELANGOR,PPD KUALA LANGAT,BBC1036,SEKOLAH JENIS KEBANGSAAN (CINA) JENJAROM,仁嘉隆华小,JALAN SEKOLAH,42600,JENJAROM,10/5/1953,101.496687,2.874827
SELANGOR,PPD KUALA LANGAT,BBC1037,SEKOLAH JENIS KEBANGSAAN (CINA) KAH WAH,万津启化华小,"KG. PULAU, TELOK BUNUT",42700,BANTING,1/1/1946,101.501634,2.823741
SELANGOR,PPD KUALA LANGAT,BBC1038,SEKOLAH JENIS KEBANGSAAN (CINA) PENG MING,直落平民华小,"TELOK PANGLIMA GARANG, KUALA LANGAT",42500,TELOK PANGLIMA GARANG,1/1/1920,101.468166,2.906463
SELANGOR,PPD KUALA LANGAT,BBC1040,SEKOLAH JENIS KEBANGSAAN (CINA) SIMPANG MORIB,新邦摩立华小,SIMPANG MORIB,42700,BANTING,1/1/1969,101.459855,2.780437
SELANGOR,PPD KUALA LANGAT,BBC1041,SEKOLAH JENIS KEBANGSAAN (CINA) TANJONG SEPAT,丹绒士拔华小,"JLN BESAR,TANJONG SEPAT",42800,TANJONG SEPAT,1/2/1953,101.557401,2.661492
SELANGOR,PPD KUALA LANGAT,BBC1043,SEKOLAH JENIS KEBANGSAAN (CINA) TIONG NAM,双溪峇也中南华小,SUNGAI BUAYA,42700,BANTING,1/1/1931,101.440558,2.842512466
SELANGOR,PPD KUALA LANGAT,BBC1044,SEKOLAH JENIS KEBANGSAAN (CINA) BUKIT FRASER,福隆港华小,"NO 2, JALAN TROPICANA AMAN UTAMA 2, BANDAR TROPICANA AMAN",42500,TELOK PANGLIMA GARANG,1/1/1938,101.528929,2.946634
SELANGOR,PPD KUALA SELANGOR,BBC3034,SEKOLAH JENIS KEBANGSAAN (CINA) AIK THEE,瓜雪益智华小,JALAN KERAMAT TANJUNG,45000,KUALA SELANGOR,6/1/1925,101.2433937,3.346663342
SELANGOR,PPD KUALA SELANGOR,BBC3035,SEKOLAH JENIS KEBANGSAAN (CINA) BAGAN PASIR,峇眼巴西华小,JALAN BAGAN PASIR,45500,TANJONG KARANG,20/1/1968,101.1714822,3.397561441
SELANGOR,PPD KUALA SELANGOR,BBC3036,SEKOLAH JENIS KEBANGSAAN (CINA) CHUNG WAH,沙沙兰中华华小,"JALAN SASARAN, BUKIT KUCHING",45800,JERAM,29/5/1936,101.311127,3.260899
SELANGOR,PPD KUALA SELANGOR,BBC3037,SEKOLAH JENIS KEBANGSAAN (CINA) IJOK,依约华小,SIMPANG TIGA IJOK,45620,BESTARI JAYA,17/9/1952,101.4158,3.3159
SELANGOR,PPD KUALA SELANGOR,BBC3038,SEKOLAH JENIS KEBANGSAAN (CINA) KHAI TEE,巴西不南邦启智华小,PASIR PENAMBANG,45000,KUALA SELANGOR,1/11/1920,101.252171,3.355377
SELANGOR,PPD KUALA SELANGOR,BBC3040,SEKOLAH JENIS KEBANGSAAN (CINA) LIAT CHOON,而榄列俊华小,"BATU 17, SUNGAI SEMBILANG",45800,JERAM,22/7/1947,101.315735,3.19688
SELANGOR,PPD KUALA SELANGOR,BBC3041,SEKOLAH JENIS KEBANGSAAN (CINA) MING TEE,峇东新村民智华小,KAMPUNG TIRAM BURUK,45500,TANJONG KARANG,1/2/1936,101.24651,3.42589
SELANGOR,PPD KUALA SELANGOR,BBC3042,SEKOLAH JENIS KEBANGSAAN (CINA) PUI CHI,亚三爪哇培志华小,JALAN KLANG,45700,BUKIT ROTAN,1/1/1936,101.2880545,3.300479564
SELANGOR,PPD KUALA SELANGOR,BBC3043,SEKOLAH JENIS KEBANGSAAN (CINA) PUI TEH,而榄培智华小,JALAN SIMPANG TIGA,45800,JERAM,1/1/1926,101.318218,3.225651
SELANGOR,PPD KUALA SELANGOR,BBC3044,SEKOLAH JENIS KEBANGSAAN (CINA) TANJONG KARANG,丹绒加弄华小,JALAN DEWAN DATO' HORMAT,45500,TANJONG KARANG,1/9/1934,101.171958,3.426564
SELANGOR,PPD KUALA SELANGOR,BBC3045,SEKOLAH JENIS KEBANGSAAN (CINA) YIT KHWAN,峇眼益群华小,BAGAN TANJONG KARANG,45500,TANJONG KARANG,1/1/1953,101.171198,3.401794
SELANGOR,PPD KUALA SELANGOR,BBC3047,SEKOLAH JENIS KEBANGSAAN (CINA) YUK CHIH,八丁燕带育智华小,"JALAN BESAR, BESTARI JAYA (BATANG BERJUNTAI)",45600,BESTARI JAYA,1/1/1934,101.404662,3.379142
SELANGOR,PPD HULU LANGAT,BBC4034,SEKOLAH JENIS KEBANGSAAN (CINA) BALAKONG,无拉港华小,KAMPUNG BARU BALAKONG,43300,SERI KEMBANGAN,19/1/1950,101.7455321,3.028405997
SELANGOR,PPD HULU LANGAT,BBC4035,SEKOLAH JENIS KEBANGSAAN (CINA) BATU 9 CHERAS,蕉赖九支华小,BATU 9 JALAN CHERAS,43200,CHERAS,31/12/1932,101.769529,3.071671
SELANGOR,PPD HULU LANGAT,BBC4036,SEKOLAH JENIS KEBANGSAAN (CINA) BATU 11,蕉赖十一哩华小,"JALAN SEKOLAH, KG. BARU BATU SEBELAS CHERAS",43200,CHERAS,1/12/1953,101.7710862,3.046455874
SELANGOR,PPD HULU LANGAT,BBC4037,SEKOLAH JENIS KEBANGSAAN (CINA) CHOON HWA,班丹中华华小,"JALAN BUNGA MAWAR, TAMAN LEMBAH MAJU",56100,AMPANG,12/1/1930,101.758513,3.124264375
SELANGOR,PPD HULU LANGAT,BBC4039,SEKOLAH JENIS KEBANGSAAN (CINA) KG BARU SEMENYIH,士毛月新村华小,KAMPUNG BARU SEMENYIH,43500,SEMENYIH,1/12/1951,101.844203,2.949573
SELANGOR,PPD HULU LANGAT,BBC4040,SEKOLAH JENIS KEBANGSAAN (CINA) SIN MING,士毛月新民华小,JALAN BESAR,43500,SEMENYIH,31/12/1918,101.8445698,2.948060282
SELANGOR,PPD HULU LANGAT,BBC4041,SEKOLAH JENIS KEBANGSAAN (CINA) SUNGAI CHUA,加影锡米山华小,"JALAN SEKOLAH, KG BARU SG CHUA",43000,KAJANG,5/12/1952,101.770544,2.988573
SELANGOR,PPD HULU LANGAT,BBC4042,SEKOLAH JENIS KEBANGSAAN (CINA) TON FAH,敦化华小,"NO.12, JALAN ECO 3A/3, ECO MAJESTIC",43500,SEMENYIH,1/12/1930,101.8521563,2.90766578
SELANGOR,PPD HULU LANGAT,BBC4043,SEKOLAH JENIS KEBANGSAAN (CINA) BATU 14,呀吃十四哩华小,BATU 14 HULU LANGAT,43100,HULU LANGAT,12/1/1952,101.813734,3.112723
SELANGOR,PPD HULU LANGAT,BBC4044,SEKOLAH JENIS KEBANGSAAN (CINA) YOKE MIN,万宜育民华小,"JALAN STESYEN, BANGI",43000,KAJANG,12/1/1933,101.783171,2.903024
SELANGOR,PPD HULU LANGAT,BBC4045,SEKOLAH JENIS KEBANGSAAN (CINA) YU HUA,加影育华华小,JALAN LOW TI KOK,43000,KAJANG,31/12/1916,101.791262,2.995068
SELANGOR,PPD HULU LANGAT,BBC4046,SEKOLAH JENIS KEBANGSAAN (CINA) KG BARU AMPANG,安邦新村华小,JALAN WAWASAN MERDEKA,68000,AMPANG,1/1/1952,101.763816,3.141024
SELANGOR,PPD HULU LANGAT,BBC4047,SEKOLAH JENIS KEBANGSAAN (CINA) ON PONG,安邦华小,"LOT 6, JALAN BESAR",68000,AMPANG,10/10/1912,101.761489,3.146465
SELANGOR,PPD HULU LANGAT,BBC4048,SEKOLAH JENIS KEBANGSAAN (CINA) CONNAUGHT (2),康乐华小二校,BANDAR DAMAI PERDANA,56000,CHERAS,3/1/2005,101.742082,3.046182
SELANGOR,PPD HULU LANGAT,BBC4049,SEKOLAH JENIS KEBANGSAAN (CINA) ON PONG 2,安邦华小二校,PANDAN MEWAH,68000,AMPANG,3/1/2007,101.762438,3.126806
SELANGOR,PPD HULU LANGAT,BBC4050,SEKOLAH JENIS KEBANGSAAN (CINA) BANDAR SUNGAI LONG,双溪龙华小,"JALAN SUNGAI LONG, BANDAR SUNGAI LONG",43000,KAJANG,16/3/2016,101.803314,3.051739
SELANGOR,PPD HULU LANGAT,BBC4051,SEKOLAH JENIS KEBANGSAAN (CINA) BANDAR KAJANG 2,加影新城华小,"NO.1 JALAN S4/1, SEKSYEN 4, KAJANG 2",43000,KAJANG,4/1/2021,101.79509,2.96767
SELANGOR,PPD HULU SELANGOR,BBC5023,SEKOLAH JENIS KEBANGSAAN (CINA) BATANG KALI,峇冬加里华小,KAMPUNG BUKIT CHANDANG,44300,BATANG KALI,1/1/1955,101.639021,3.462562
SELANGOR,PPD HULU SELANGOR,BBC5024,SEKOLAH JENIS KEBANGSAAN (CINA) BKT TANGGA,武吉丁雅华小,JALAN KASTURI SEKSYEN BB8,48300,BUKIT BERUNTUNG,3/1/1947,101.572993,3.408702
SELANGOR,PPD HULU SELANGOR,BBC5027,SEKOLAH JENIS KEBANGSAAN (CINA) CHOONG CHEE,崇智华小,"JALAN BESAR, HULU YAM LAMA",44300,BATANG KALI,15/2/1931,101.643172,3.451174
SELANGOR,PPD HULU SELANGOR,BBC5029,SEKOLAH JENIS KEBANGSAAN (CINA) KALUMPANG,龙邦华小,KAMPUNG BARU KALUMPANG,44100,KERLING,7/10/1950,101.5702155,3.634807222
SELANGOR,PPD HULU SELANGOR,BBC5030,SEKOLAH JENIS KEBANGSAAN (CINA) KAMPUNG GURNEY,葛尼华小,ULU YAM BARU,44300,BATANG KALI,1/1/1934,101.662604,3.421394
SELANGOR,PPD HULU SELANGOR,BBC5031,SEKOLAH JENIS KEBANGSAAN (CINA) KERLING,吉粦华小,KAMPUNG AIR PANAS,44100,KERLING,1/1/1931,101.609042,3.592347
SELANGOR,PPD HULU SELANGOR,BBC5032,SEKOLAH JENIS KEBANGSAAN (CINA) KHING MING,新古毛竞明华小,JALAN SEKOLAH,44000,KUALA KUBU BHARU,1/1/1906,101.6537811,3.563096719
SELANGOR,PPD HULU SELANGOR,BBC5035,SEKOLAH JENIS KEBANGSAAN (CINA) RASA,叻思华小,"PLOT A, JALAN CEMPERAI 2C/1, TAMAN RASA UTAMA",44200,RASA,1/1/1939,101.6339649,3.4924956
SELANGOR,PPD HULU SELANGOR,BBC5037,SEKOLAH JENIS KEBANGSAAN (CINA) SERENDAH,双文丹华小,JALAN BESAR SERENDAH,48200,SERENDAH,1/1/1920,101.603355,3.365823
SELANGOR,PPD SABAK BERNAM,BBC6030,SEKOLAH JENIS KEBANGSAAN (CINA) CHEONG HUA,沙白县乌暹中华华小,"SIMPANG 4, BNO",45200,SABAK BERNAM,1/1/1948,100.882619,3.778957
SELANGOR,PPD SABAK BERNAM,BBC6031,SEKOLAH JENIS KEBANGSAAN (CINA) HAI PING,大港双武隆海滨华小,BAGAN SUNGAI BURUNG,45300,SUNGAI BESAR,1/1/1947,100.937543,3.692386
SELANGOR,PPD SABAK BERNAM,BBC6032,SEKOLAH JENIS KEBANGSAAN (CINA) LUM HUA,沙白县南华华小,JALAN RAJA CHULAN,45200,SABAK BERNAM,1/1/1932,100.985555,3.768501
SELANGOR,PPD SABAK BERNAM,BBC6033,SEKOLAH JENIS KEBANGSAAN (CINA) MOON TECK,双溪侨华蒙德华小,JALAN MOON TECK,45100,SG. AIR TAWAR,15/7/1930,100.894826,3.842803
SELANGOR,PPD SABAK BERNAM,BBC6034,SEKOLAH JENIS KEBANGSAAN (CINA) PHOOI TEE,沙白县浅顶培智华小,SUNGAI PULAI,45200,SABAK BERNAM,1/1/1957,100.922151,3.730107996
SELANGOR,PPD SABAK BERNAM,BBC6035,SEKOLAH JENIS KEBANGSAAN (CINA) POAY CHNEH,沙白县新沟培青华小,JALAN BAGAN SG. LANG,45100,SG. AIR TAWAR,12/2/1947,100.843893,3.834686
SELANGOR,PPD SABAK BERNAM,BBC6036,SEKOLAH JENIS KEBANGSAAN (CINA) SIN MIN,大港新民华小,JALAN PANCHANG BEDENA,45300,SUNGAI BESAR,1/12/1946,100.980806,3.676287
SELANGOR,PPD SABAK BERNAM,BBC6037,SEKOLAH JENIS KEBANGSAAN (CINA) PHOOI MIN,沙白县培民华小,TELUK RU & BETING KEPAH,45100,SG AIR TAWAR,1/1/1973,100.831832,3.790437
SELANGOR,PPD SABAK BERNAM,BBC6038,SEKOLAH JENIS KEBANGSAAN (CINA) YOKE KUAN,适耕庄育群华小,JALAN GEREJA,45400,SEKINCHAN,1/1/1943,101.104313,3.510263
SELANGOR,PPD SABAK BERNAM,BBC6039,SEKOLAH JENIS KEBANGSAAN (CINA) KIAN SIT,适耕庄垦殖华小,LORONG 3 SITE A,45400,SEKINCHAN,1/1/1952,101.1409293,3.526499588
SELANGOR,PPD GOMBAK,BBC7401,SEKOLAH JENIS KEBANGSAAN (CINA) CHAP KHUAN,煤炭山集群华小,BATU ARANG,48100,BATU ARANG,1/1/1920,101.470154,3.313538
SELANGOR,PPD GOMBAK,BBC7402,SEKOLAH JENIS KEBANGSAAN (CINA) KHEOW BIN,峇都喼侨民华小,BATU CAVES,68100,BATU CAVES,1/1/1953,101.673989,3.232876
SELANGOR,PPD GOMBAK,BBC7403,SEKOLAH JENIS KEBANGSAAN (CINA) KUANG,轰埠华小,KAMPUNG BARU KUANG,48050,RAWANG,1/1/1936,101.554096,3.255637
SELANGOR,PPD GOMBAK,BBC7404,SEKOLAH JENIS KEBANGSAAN (CINA) KUNDANG,根登华小,KAMPUNG BARU KUNDANG,48020,RAWANG,1/1/1934,101.511598,3.277335
SELANGOR,PPD GOMBAK,BBC7405,SEKOLAH JENIS KEBANGSAAN (CINA) SAN YUK,万挠三育华小,KAMPUNG KENANGA,48000,RAWANG,1/1/1916,101.582329,3.318999
SELANGOR,PPD GOMBAK,BBC7406,SEKOLAH JENIS KEBANGSAAN (CINA) SELAYANG BARU,士拉央华小,"JALAN 45, SELAYANG BARU",68100,BATU CAVES,1/1/1974,101.667343,3.254526
SELANGOR,PPD GOMBAK,BBC7407,SEKOLAH JENIS KEBANGSAAN (CINA) DESA JAYA,帝沙再也华小,KEPONG,52100,KUALA LUMPUR,1/1/1977,101.625497,3.216628
SELANGOR,PPD GOMBAK,BBC7408,SEKOLAH JENIS KEBANGSAAN (CINA) KOTA EMERALD,万挠爱美乐华小,"LINGKARAN BUKIT EMERALD, TAMAN EMERALD",48000,RAWANG,4/1/2012,101.559919,3.315934
SELANGOR,PPD PETALING PERDANA,BBC7656,SEKOLAH JENIS KEBANGSAAN (CINA) LADANG REGENT,礼仁艾美娜华小,"NO. 5, JALAN TRISTANIA U15/32, SEKSYEN U15",40170,SHAH ALAM,1/1/1954,101.506741,3.185176488
SELANGOR,PPD PETALING UTAMA,BBC8401,SEKOLAH JENIS KEBANGSAAN (CINA) CHEN MOH,八打灵精武华小,JALAN 2/32,46000,PETALING JAYA,1/1/1936,101.643996,3.084978
SELANGOR,PPD PETALING UTAMA,BBC8402,SEKOLAH JENIS KEBANGSAAN (CINA) DAMANSARA,丽阳镇白沙罗华小,JALAN TROPICANA UTARA,47410,PETALING JAYA,1/6/1930,101.5996511,3.137736561
SELANGOR,PPD PETALING PERDANA,BBC8403,SEKOLAH JENIS KEBANGSAAN (CINA) KUNG MAN,沙登公民华小,"BATU 11 ,SERDANG LAMA",43300,SERI KEMBANGAN,1/1/1920,101.720713,3.015323
SELANGOR,PPD PETALING PERDANA,BBC8404,SEKOLAH JENIS KEBANGSAAN (CINA) HAN MING,蒲种汉民华小,"JALAN MASJID, BATU 14, KG BAHARU PUCHONG",47100,PUCHONG,1/1/1921,101.6224576,2.996312041
SELANGOR,PPD PETALING PERDANA,BBC8405,SEKOLAH JENIS KEBANGSAAN (CINA) SERDANG BARU (1),沙登新村华小一校,JALAN SEKOLAH,43300,SERI KEMBANGAN,20/9/1951,101.700773,3.025453
SELANGOR,PPD PETALING PERDANA,BBC8406,SEKOLAH JENIS KEBANGSAAN (CINA) SERDANG BARU (2),沙登新村华小二校,SERI KEMBANGAN,43300,SERI KEMBANGAN,1/1/1967,101.709361,3.012946477
SELANGOR,PPD PETALING PERDANA,BBC8407,SEKOLAH JENIS KEBANGSAAN (CINA) SUBANG,梳邦华小,KAMPUNG BARU SUBANG,40150,SHAH ALAM,1/6/1947,101.5347528,3.143568779
SELANGOR,PPD PETALING UTAMA,BBC8408,SEKOLAH JENIS KEBANGSAAN (CINA) SUNGAI WAY,双溪威华小,"JALAN SS9A/1, SUNGAI WAY",47300,PETALING JAYA,24/5/1953,101.620993,3.087843
SELANGOR,PPD PETALING UTAMA,BBC8409,SEKOLAH JENIS KEBANGSAAN (CINA) SUNGAI BULOH,宋溪毛糯华小,KAMPUNG BARU SUNGAI BULOH,47000,SUNGAI BULOH,1/1/1928,101.5687528,3.195002778
SELANGOR,PPD PETALING PERDANA,BBC8410,SEKOLAH JENIS KEBANGSAAN (CINA) YAK CHEE,蒲种益智华小,BATU 8 KUCHAI PUCHONG,47190,PUCHONG,1/1/1930,101.642063,3.056043
SELANGOR,PPD PETALING UTAMA,BBC8411,SEKOLAH JENIS KEBANGSAAN (CINA) YUK CHAI,八打灵育才华小,JLN SS24/1 TAMAN MEGAH,47301,PETALING JAYA,1/1/1939,101.607006,3.117208
SELANGOR,PPD PETALING UTAMA,BBC8412,SEKOLAH JENIS KEBANGSAAN (CINA) YUK CHYUN,八打灵育群华小,BT 6 1/2 JLN KLANG LAMA,46000,PETALING JAYA,21/10/1948,101.6518992,3.077336874
SELANGOR,PPD PETALING UTAMA,BBC8413,SEKOLAH JENIS KEBANGSAAN (CINA) PUAY CHAI,八打灵培才华小,JLN SS 2/54,47300,PETALING JAYA,1/1/1983,101.625574,3.116747
SELANGOR,PPD PETALING PERDANA,BBC8414,SEKOLAH JENIS KEBANGSAAN (CINA) LICK HUNG,首邦市力行华小,JALAN SS 19/6,47500,SUBANG JAYA,12/1/1991,101.577357,3.066181
SELANGOR,PPD PETALING UTAMA,BBC8415,SEKOLAH JENIS KEBANGSAAN (CINA) PUAY CHAI 2,万达镇培才华小二校,"JALAN BU3/1, BANDAR UTAMA",47800,PETALING JAYA,22/12/2000,101.610986,3.146541
SELANGOR,PPD PETALING PERDANA,BBC8416,SEKOLAH JENIS KEBANGSAAN (CINA) TUN TAN CHENG LOCK,首邦市敦陈祯禄华小,"KOMPLEKS SEK. WAWASAN, PERSIARAN KEWAJIPAN",47630,SUBANG JAYA,1/6/2002,101.589756,3.036407
SELANGOR,PPD PETALING PERDANA,BBC8417,SEKOLAH JENIS KEBANGSAAN (CINA) CHEE WEN,首邦市子文华小,"USJ 1, JALAN SUBANG MEWAH, SUBANG MEWAH",47600,SUBANG JAYA,1/1/2001,101.60301,3.050303
SELANGOR,PPD PETALING UTAMA,BBC8418,SEKOLAH JENIS KEBANGSAAN (CINA) DESA JAYA 2,帝沙再也华小二校,"PERSIARAN PERDANA,BANDAR SRI DAMANSARA",52200,KUALA LUMPUR,1/1/2006,101.605483,3.185571
SELANGOR,PPD PETALING PERDANA,BBC8419,SEKOLAH JENIS KEBANGSAAN (CINA) SHIN CHENG (HARCROFT),蒲种深静（哈古乐）华小,"JALAN KASAWARI 11, BANDAR PUCHONG JAYA",47180,PUCHONG,30/11/2007,101.630863,3.040173
SELANGOR,PPD PETALING UTAMA,BBC8420,SEKOLAH JENIS KEBANGSAAN (CINA) CHUNG HWA DAMANSARA,白沙罗中华华小,JALAN 17A/1,46400,PETALING JAYA,5/1/2009,101.631245,3.130676
SELANGOR,PPD PETALING PERDANA,BBC8421,SEKOLAH JENIS KEBANGSAAN (CINA) TUN TAN SIEW SIN,敦陈修信华小,"PERSIARAN PUTRA BISTARI, PUTRA HEIGHT",47650,SUBANG JAYA,2/1/2013,101.573365,3.021221
SELANGOR,PPD PETALING PERDANA,BBC8422,SEKOLAH JENIS KEBANGSAAN (CINA) KHENG CHEE,蒲种竞智华小,"PERSIARAN INDERA, PUSAT BANDAR PUCHONG, PUCHONG",47100,PETALING,16/1/2014,101.628867,3.021995
SELANGOR,PPD PETALING PERDANA,BBC8423,SEKOLAH JENIS KEBANGSAAN (CINA) BUKIT SERDANG SERI KEMBANGAN,沙登岭华小,"PERSIARAN LESTARI PERDANA 5, LESTARI PERDANA",43300,SERI KEMBANGAN,1/8/2015,101.672679,3.011283
SELANGOR,PPD PETALING PERDANA,BBC8424,SEKOLAH JENIS KEBANGSAAN (CINA) POI MIN,蒲种培民华小,"JALAN LE 7, BANDAR METRO PUCHONG",47160,PUCHONG,26/7/2024,101.609353,3.040768195
SELANGOR,PPD SEPANG,BBC9401,SEKOLAH JENIS KEBANGSAAN (CINA) CHIO CHIAO,沙叻觉侨华小,PEKAN SALAK,43900,SEPANG,1/1/1922,101.7515887,2.781236365
SELANGOR,PPD SEPANG,BBC9402,SEKOLAH JENIS KEBANGSAAN (CINA) DENGKIL,龙溪华小,DENGKIL,43800,DENGKIL,1/1/1950,101.6777037,2.859605909
SELANGOR,PPD SEPANG,BBC9403,SEKOLAH JENIS KEBANGSAAN (CINA) SEPANG,雪邦华小,KAMPUNG BARU (BERDEKATAN KLINIK DESA SEPANG),43900,SEPANG,1/1/1934,101.749153,2.689104386
SELANGOR,PPD SEPANG,BBC9404,SEKOLAH JENIS KEBANGSAAN (CINA) SIN MING,新民华小,"BATU 16, JLN PUCHONG",47100,PUCHONG,1/1/1934,101.613631,2.966116
SELANGOR,PPD SEPANG,BBC9405,SEKOLAH JENIS KEBANGSAAN (CINA) TCHE MIN,双溪比力智明华小,PEKAN SUNGAI PELEK,43950,SUNGAI PELEK,1/1/1937,101.717123,2.645198
SELANGOR,PPD SEPANG,BBC9406,SEKOLAH JENIS KEBANGSAAN (CINA) WAH LIAN,双溪比力华联华小,KAMPUNG BARU,43950,SUNGAI PELEK,1/8/1927,101.714027,2.642554
SELANGOR,PPD SEPANG,BBC9407,SEKOLAH JENIS KEBANGSAAN (CINA) UNION,赛城联合华小,"JALAN UNION, PERSIARAN SEPANG, CYBER 11",63000,CYBERJAYA,5/5/1952,101.6301252,2.925668654
PAHANG,PPD BENTONG,CBC0023,SEKOLAH JENIS KEBANGSAAN (CINA) KHAI MUN PAGI,文冬启文华小上午校,JALAN CHUI YIN,28700,BENTONG,1/1/1916,101.9062749,3.523531315
PAHANG,PPD BENTONG,CBC0024,SEKOLAH JENIS KEBANGSAAN (CINA) KHAI MUN REPAS,文冬启文力巴士华小,KG REPAS,28700,BENTONG,1/1/1958,101.9038398,3.529292399
PAHANG,PPD BENTONG,CBC0025,SEKOLAH JENIS KEBANGSAAN (CINA) KHAI MUN CHAMANG,文冬启文暹猛华小,"JALANTEH ENG SUAN, KAMPUNG CHAMANG",28700,BENTONG,1/1/1950,101.902852,3.528317676
PAHANG,PPD BENTONG,CBC0027,SEKOLAH JENIS KEBANGSAAN (CINA) KETARI,文冬吉打里华小,KAMPUNG BARU KETARI,28700,BENTONG,1/1/1952,101.912,3.50748
PAHANG,PPD BENTONG,CBC0028,SEKOLAH JENIS KEBANGSAAN (CINA) PERTING,文冬玻璃口华小,KG PERTING,28700,BENTONG,30/3/1951,101.906,3.51808
PAHANG,PPD BENTONG,CBC0029,SEKOLAH JENIS KEBANGSAAN (CINA) SUNGAI DUA,加叻双溪都亚华小,KG. SUNGAI DUA,28600,KARAK,1/1/1946,101.9953733,3.457070787
PAHANG,PPD BENTONG,CBC0030,SEKOLAH JENIS KEBANGSAAN (CINA) KARAK,加叻华小,KM 5 JALAN BESAR KARAK,28600,KARAK,25/7/1931,102.034,3.41317
PAHANG,PPD BENTONG,CBC0033,SEKOLAH JENIS KEBANGSAAN (CINA) TELEMONG,加叻地里望华小,JALAN BESAR TELEMONG,28620,KARAK,1/1/1940,102.0884622,3.293301
PAHANG,PPD BENTONG,CBC0034,SEKOLAH JENIS KEBANGSAAN (CINA) MANCHIS,文冬文积华小,JALAN BESAR MANCHIS,28730,BENTONG,1/10/1947,102.1636777,3.199794939
PAHANG,PPD BENTONG,CBC0035,SEKOLAH JENIS KEBANGSAAN (CINA) BUKIT TINGGI,武吉丁宜华小,"KM32, LEBUHRAYA KARAK KL",28750,BENTONG,1/1/1948,101.8176075,3.351684787
PAHANG,PPD BENTONG,CBC0036,SEKOLAH JENIS KEBANGSAAN (CINA) LURAH BILUT,美律谷华小,FELDA LURAH BILUT,28800,LURAH BILUT,9/4/1961,101.8938773,3.65945923
PAHANG,PPD CAMERON HIGHLANDS,CBC1004,SEKOLAH JENIS KEBANGSAAN (CINA) CAMERON,金马仑华小,JALAN BESAR RINGLET KE TANAH RATA,39200,RINGLET,17/2/1936,101.3814917,4.414152778
PAHANG,PPD CAMERON HIGHLANDS,CBC1005,SEKOLAH JENIS KEBANGSAAN (CINA) TANAH RATA,丹那拉打华小,TANAH RATA,39000,TANAH RATA,1/1/1964,101.3840166,4.469110339
PAHANG,PPD CAMERON HIGHLANDS,CBC1006,SEKOLAH JENIS KEBANGSAAN (CINA) BRINCHANG,碧兰璋华小,JALAN BESAR BRINCHANG,39100,BRINCHANG,1/1/1952,101.3876361,4.490768029
PAHANG,PPD CAMERON HIGHLANDS,CBC1007,SEKOLAH JENIS KEBANGSAAN (CINA) KG RAJA,甘榜拉惹华小,"JALAN BESAR KAMPUNG RAJA, CAMERON HIGHLANDS",39010,TANAH RATA,14/1/1952,101.4071083,4.566630556
PAHANG,PPD CAMERON HIGHLANDS,CBC1008,SEKOLAH JENIS KEBANGSAAN (CINA) BERTAM VALLEY,巴登威利华小,BERTAM VALLEY,39200,RINGLET,1/1/1948,101.398997,4.416717
PAHANG,PPD CAMERON HIGHLANDS,CBC1010,SEKOLAH JENIS KEBANGSAAN (CINA) TRINGKAP,直冷甲华小,"JALAN BESAR TRINGKAP,CAMERON HIGHLANDS",39100,BRINCHANG,1/4/1952,101.4270898,4.515894691
PAHANG,PPD CAMERON HIGHLANDS,CBC1011,SEKOLAH JENIS KEBANGSAAN (CINA) KEA FARM,美兰村华小,S.J.K.(C) KEA FARM,39100,BRINCHANG,4/1/1952,101.4113061,4.503355849
PAHANG,PPD JERANTUT,CBC2033,SEKOLAH JENIS KEBANGSAAN (CINA) SG JAN,双溪仁华小,JALAN BOMBA,27000,JERANTUT,1/1/1950,102.3628638,3.939283588
PAHANG,PPD JERANTUT,CBC2034,SEKOLAH JENIS KEBANGSAAN (CINA) BATU BALAI,华都巴来华小,KAMPUNG BATU BALAI,27030,JERANTUT,1/1/1953,102.1677002,3.975497235
PAHANG,PPD JERANTUT,CBC2035,SEKOLAH JENIS KEBANGSAAN (CINA) JERANSONG,而连宋华小,KG.JERANSONG,27000,JERANTUT,25/9/1960,102.3618461,3.860840608
PAHANG,PPD JERANTUT,CBC2036,SEKOLAH JENIS KEBANGSAAN (CINA) DAMAK,南唛华小,JALAN ULU CHEKA,27030,JERANTUT,20/9/1960,102.216484,3.947173382
PAHANG,PPD LIPIS,CBC3040,SEKOLAH JENIS KEBANGSAAN (CINA) MELA,美拿华小,W/P MELA,27010,JERANTUT,1/1/1955,102.273,4.07435
PAHANG,PPD LIPIS,CBC3041,SEKOLAH JENIS KEBANGSAAN (CINA) CHUNG HWA,立卑中华华小,"JALAN DATUK MAHMUD, SUNGAI KERPAN",27200,KUALA LIPIS,6/7/1955,102.0459308,4.186988741
PAHANG,PPD LIPIS,CBC3042,SEKOLAH JENIS KEBANGSAAN (CINA) PADANG TENGKU,巴登东姑华小,PADANG TENGKU,27100,KUALA LIPIS,1/1/1950,101.9929437,4.232943371
PAHANG,PPD LIPIS,CBC3043,SEKOLAH JENIS KEBANGSAAN (CINA) JERKOH,日利谷华小,JERKOH,27300,BENTA,1/1/1952,101.9555022,4.043481606
PAHANG,PPD LIPIS,CBC3044,SEKOLAH JENIS KEBANGSAAN (CINA) PENJOM,槟绒华小,KAMPUNG BARU PENJOM,27200,KUALA LIPIS,16/6/1951,102.006,4.11664
PAHANG,PPD LIPIS,CBC3045,SEKOLAH JENIS KEBANGSAAN (CINA) BENTA,文达华小,KAMPUNG SRI BENTA,27300,BENTA,2/8/1952,101.963,4.0188
PAHANG,PPD KUANTAN,CBC4040,SEKOLAH JENIS KEBANGSAAN (CINA) SEMAMBU,士满慕华小,SEMAMBU,25350,KUANTAN,1/1/1987,103.3101742,3.85556259
PAHANG,PPD KUANTAN,CBC4041,SEKOLAH JENIS KEBANGSAAN (CINA) CHUNG CHING,关丹中菁华小,TANAH PUTIH,25100,KUANTAN,1/1/1957,103.3142971,3.793209859
PAHANG,PPD KUANTAN,CBC4042,SEKOLAH JENIS KEBANGSAAN (CINA) KUANG HWA,关丹光华华小,INDERA MAHKOTA,25200,KUANTAN,1/1/1958,103.2750092,3.833197141
PAHANG,PPD KUANTAN,CBC4043,SEKOLAH JENIS KEBANGSAAN (CINA) PEI CHAI,关丹培才华小,JALAN AIR PUTIH,25300,KUANTAN,1/1/1932,103.3354216,3.835047094
PAHANG,PPD KUANTAN,CBC4044,SEKOLAH JENIS KEBANGSAAN (CINA) GAMBANG,甘孟华小,JALAN GAMBANG,26300,KUANTAN,1/1/1905,103.10093,3.70724
PAHANG,PPD KUANTAN,CBC4045,SEKOLAH JENIS KEBANGSAAN (CINA) YOKE SHIAN,关丹育贤华小,KG JAYA GADING,26070,KUANTAN,1/1/1939,103.2062316,3.738222937
PAHANG,PPD KUANTAN,CBC4046,SEKOLAH JENIS KEBANGSAAN (CINA) KONG MIN,关丹公民华小,BESERAH,26100,KUANTAN,1/1/1926,103.3661042,3.859084236
PAHANG,PPD KUANTAN,CBC4047,SEKOLAH JENIS KEBANGSAAN (CINA) LEMBING,林明华小,SUNGAI LEMBING,26200,KUANTAN,1/1/1913,103.03606,3.91597
PAHANG,PPD KUANTAN,CBC4048,SEKOLAH JENIS KEBANGSAAN (CINA) PANCHING,关丹班珍华小,JALAN SUNGAI LEMBING,26090,KUANTAN,1/1/1946,103.14271,3.89802
PAHANG,PPD KUANTAN,CBC4050,SEKOLAH JENIS KEBANGSAAN (CINA) POOI MING,双溪索培民华小,SUNGAI SOI,25150,KUANTAN,26/11/1955,103.30377,3.73856
PAHANG,PPD KUANTAN,CBC4051,SEKOLAH JENIS KEBANGSAAN (CINA) TAMAN TAS,关丹达士园华小,"BATU 6, JALAN GAMBANG",25150,KUANTAN,1/1/1953,103.2524334,3.767565493
PAHANG,PPD KUANTAN,CBC4053,SEKOLAH JENIS KEBANGSAAN (CINA) CHUNG CHING 2,关丹中菁华小二校,KG TIRAM,25200,KUANTAN,2/1/2013,103.2906839,3.808728454
PAHANG,PPD PEKAN,CBC5064,SEKOLAH JENIS KEBANGSAAN (CINA) PEKAN,北根中华华小,JALAN ENGKU MUDA MANSOR,26600,PEKAN,1/1/1926,103.3957927,3.489487529
PAHANG,PPD PEKAN,CBC5065,SEKOLAH JENIS KEBANGSAAN (CINA) KEE WHA,北根那示启华华小,NENASI,26680,PEKAN,1/1/1950,103.4459487,3.136842219
PAHANG,PPD PEKAN,CBC5066,SEKOLAH JENIS KEBANGSAAN (CINA) YOKE HWA,北根港口育华华小,KUALA PAHANG,26660,PEKAN,1/1/1955,103.4610887,3.531834202
PAHANG,PPD RAUB,CBC6031,SEKOLAH JENIS KEBANGSAAN (CINA) CHUNG CHING,劳勿中竞华小,JALAN LIPIS,27600,RAUB,1/1/1918,101.8591074,3.795684574
PAHANG,PPD RAUB,CBC6032,SEKOLAH JENIS KEBANGSAAN (CINA) SEMPALIT,劳勿新巴力华小,KAMPUNG BARU SEMPALIT,27600,RAUB,28/6/1952,101.8724328,3.800917162
PAHANG,PPD RAUB,CBC6033,SEKOLAH JENIS KEBANGSAAN (CINA) SUNGAI RUAN,劳勿双溪兰华小,SUNGAI RUAN,27500,RAUB,1/1/1948,101.9418678,3.80955315
PAHANG,PPD RAUB,CBC6034,SEKOLAH JENIS KEBANGSAAN (CINA) YUH HWA,劳勿育华华小,BUKIT KOMAN,27600,RAUB,9/10/1907,101.8507759,3.816620347
PAHANG,PPD RAUB,CBC6035,SEKOLAH JENIS KEBANGSAAN (CINA) SG LUI,劳勿双溪内华小,KAMPUNG BARU SUNGAI LUI,27600,RAUB,1/1/1951,101.8468398,3.812282954
PAHANG,PPD RAUB,CBC6036,SEKOLAH JENIS KEBANGSAAN (CINA) CHEROH,劳勿积罗华小,KAMPUNG CHEROH,27620,RAUB,1/1/1938,101.8149336,3.90273421
PAHANG,PPD RAUB,CBC6037,SEKOLAH JENIS KEBANGSAAN (CINA) TRAS,劳勿都赖华小,KAMPUNG TRAS,27670,RAUB,1/1/1927,101.8114756,3.742635877
PAHANG,PPD RAUB,CBC6038,SEKOLAH JENIS KEBANGSAAN (CINA) SG CHETANG,劳勿双溪只登华小,KAMPUNG SUNGAI CHETANG,27670,RAUB,1/1/1952,101.8204641,3.710588835
PAHANG,PPD RAUB,CBC6039,SEKOLAH JENIS KEBANGSAAN (CINA) SANG LEE,劳勿生利华小,KAMPUNG SANG LEE,27670,RAUB,1/1/1946,101.8463845,3.656174381
PAHANG,PPD RAUB,CBC6040,SEKOLAH JENIS KEBANGSAAN (CINA) SG KLAU,劳勿双溪吉流华小,KAMPUNG SUNGAI KLAU,27630,RAUB,1/9/1964,101.9863882,3.743799301
PAHANG,PPD TEMERLOH,CBC7074,SEKOLAH JENIS KEBANGSAAN (CINA) KHEE CHEE,淡马鲁启智华小,JALAN HAMZAH,28000,TEMERLOH,1/1/1920,102.422,3.45241
PAHANG,PPD TEMERLOH,CBC7075,SEKOLAH JENIS KEBANGSAAN (CINA) MENTAKAB (1),文德甲中华华小一校,JALAN TEMERLOH,28400,MENTAKAB,1/1/1922,102.3519747,3.482760168
PAHANG,PPD TEMERLOH,CBC7076,SEKOLAH JENIS KEBANGSAAN (CINA) MENTAKAB (2),文德甲中华华小二校,JALAN TEMERLOH,28400,MENTAKAB,1/1/1962,102.3520225,3.482259968
PAHANG,PPD TEMERLOH,CBC7077,SEKOLAH JENIS KEBANGSAAN (CINA) LANCHANG,联增华小,"PEKAN LANCHANG, JALAN KARAK",28500,LANCHANG,1/1/1937,102.1890119,3.499109467
PAHANG,PPD TEMERLOH,CBC7078,SEKOLAH JENIS KEBANGSAAN (CINA) YEOW CHENG LUAN,文德甲姚贞暖华小,"KAW. PERINDUSTRIAN, MENTAKAB",28400,MENTAKAB,1/1/1956,102.3554502,3.4443696
PAHANG,PPD TEMERLOH,CBC7085,SEKOLAH JENIS KEBANGSAAN (CINA) KERDAU,吉道华小,JALAN JERANTUT,28010,KERDAU,1/1/1936,102.3698699,3.574812159
PAHANG,PPD TEMERLOH,CBC7087,SEKOLAH JENIS KEBANGSAAN (CINA) KUALA KRAU,瓜拉吉挠华小,KUALA KRAU,28050,TEMERLOH,1/1/1927,102.3696441,3.711122263
PAHANG,PPD TEMERLOH,CBC7088,SEKOLAH JENIS KEBANGSAAN (CINA) SUNGAI KAWANG,双溪加旺华小,LADANG SUNGAI KAWANG,28500,LANCHANG,1/1/1935,102.1393607,3.471785233
PAHANG,PPD ROMPIN,CBC8016,SEKOLAH JENIS KEBANGSAAN (CINA) ROMPIN,云冰华小,JALAN SABAK,26800,KUALA ROMPIN,8/8/1936,103.4783205,2.799556815
PAHANG,PPD MARAN,CBC9063,SEKOLAH JENIS KEBANGSAAN (CINA) PEI MIN,斯里再也培民华小,JALAN MARAN KUANTAN,26500,MARAN,1/3/1963,102.875,3.67162
PAHANG,PPD MARAN,CBC9068,SEKOLAH JENIS KEBANGSAAN (CINA) MARAN,马兰华小,BANDAR MARAN,26500,MARAN,12/9/1955,102.772,3.58714
PAHANG,PPD BERA,CBCA079,SEKOLAH JENIS KEBANGSAAN (CINA) TRIANG (1),直凉华小一校,TRIANG,28300,TRIANG,1/1/1952,102.416,3.24692
PAHANG,PPD BERA,CBCA080,SEKOLAH JENIS KEBANGSAAN (CINA) TRIANG (2),直凉立德华小,"LOT PT 17961, JALAN TMN LITAR JAYA",28300,TRIANG,1/1/1965,102.422,3.2578
PAHANG,PPD BERA,CBCA082,SEKOLAH JENIS KEBANGSAAN (CINA) KERAYONG,吉拉央华小,KAMPUNG BARU KERAYONG,28200,BERA,1/1/1951,102.4544544,3.265383155
PAHANG,PPD BERA,CBCA083,SEKOLAH JENIS KEBANGSAAN (CINA) MENGKUANG,明光华小,MENGKUANG,28340,MENGKUANG,1/1/1943,102.399,3.18973
PAHANG,PPD BERA,CBCA084,SEKOLAH JENIS KEBANGSAAN (CINA) MENGKARAK,明加叻中正华小,KG. BARU MENGKARAK,28200,BANDAR BERA,1/1/1925,102.422,3.33142
PAHANG,PPD BERA,CBCA086,SEKOLAH JENIS KEBANGSAAN (CINA) KEMASUL,金马梳华小,JALAN LADANG KEMASUL,28200,MENGKARAK,1/1/1950,102.3934558,3.298333341
PAHANG,PPD BERA,CBCA088,SEKOLAH JENIS KEBANGSAAN (CINA) MENTERI,文德里华小,KG. MENTERI,28300,TRIANG,1/1/1945,102.415224,3.285953802
PAHANG,PPD BENTONG,CBK0026,SEKOLAH JENIS KEBANGSAAN (CINA) SG PENJURING,宋溪本祖令华小,"BATU 8,JALAN TRAS",28700,BENTONG,1/1/1953,101.8801153,3.612031979
PAHANG,PPD CAMERON HIGHLANDS,CBK1009,SEKOLAH JENIS KEBANGSAAN (CINA) KUALA TERLA,瓜拉德拉华小,JALAN BESAR KUALA TERLA,39000,TANAH RATA,1/1/1950,101.4151722,4.547330556
PAHANG,PPD MARAN,CBK9073,SEKOLAH JENIS KEBANGSAAN (CINA) JERIK,热力华小,SUNGAI JERIK,26400,BANDAR JENGKA,1/1/1956,102.6434911,3.786888554
PAHANG,PPD BERA,CBKA081,SEKOLAH JENIS KEBANGSAAN (CINA) KEMAYAN,金马扬华小,KEMAYAN,28380,KEMAYAN,19/9/1938,102.3694226,3.136259462
KELANTAN,PPD KOTA BHARU,DBC1119,SEKOLAH JENIS KEBANGSAAN (CINA) CHUNG CHENG,哥打峇鲁中正华小,JALAN KELOCHOR,15300,KOTA BHARU,1/1/1949,102.2416596,6.13684339
KELANTAN,PPD KOTA BHARU,DBC1120,SEKOLAH JENIS KEBANGSAAN (CINA) CHUNG HWA,哥打峇鲁中华华小,JALAN KELOCHOR,15300,KOTA BHARU,21/9/1913,102.2397325,6.136585651
KELANTAN,PPD KOTA BHARU,DBC1121,SEKOLAH JENIS KEBANGSAAN (CINA) PEIR CHIH,哥打峇鲁培植华小,JALAN LONG YUNUS,15200,KOTA BHARU,1/1/1939,102.257,6.11638
KELANTAN,PPD MACHANG,DBC2184,SEKOLAH JENIS KEBANGSAAN (CINA) CHUNG HWA,东马岸中华华小,JALAN TEPI SUNGAI,18400,TEMANGAN,1/1/1951,102.1497551,5.707522091
KELANTAN,PPD MACHANG,DBC2185,SEKOLAH JENIS KEBANGSAAN (CINA) PEI HWA,马樟培华华小,JALAN BAHAGIA,18500,MACHANG,28/9/1939,102.223,5.76497
KELANTAN,PPD MACHANG,DBC2186,SEKOLAH JENIS KEBANGSAAN (CINA) POEY SIT,浮罗真隆培实华小,KAMPUNG PULAI CHONDONG,16600,PULAI CHONDONG,1/6/1939,102.23,5.87148
KELANTAN,PPD PASIR MAS,DBC3237,SEKOLAH JENIS KEBANGSAAN (CINA) KHAY BOON,兰斗班让启文华小,RANTAU PANJANG,17200,PASIR MAS,18/1/1955,101.976,6.01662
KELANTAN,PPD PASIR MAS,DBC3238,SEKOLAH JENIS KEBANGSAAN (CINA) YOK ENG,巴西马育英华小,JALAN MASJID LAMA,17000,PASIR MAS,27/11/1928,102.141,6.0395
KELANTAN,PPD PASIR MAS,DBC3239,SEKOLAH JENIS KEBANGSAAN (CINA) POY HWA,巴西巴力培华华小,PASIR PARIT,17060,PASIR MAS,1/1/1994,102.185,5.9217
KELANTAN,PPD PASIR PUTIH,DBC4285,SEKOLAH JENIS KEBANGSAAN (CINA) KAI CHIH,巴西富地开智华小,JALAN MANAN,16800,PASIR PUTEH,1/8/1928,102.401,5.83465
KELANTAN,PPD TANAH MERAH,DBC5322,SEKOLAH JENIS KEBANGSAAN (CINA) YUK CHENG,丹那美拉育正华小,JALAN PASIR MAS,17500,TANAH MERAH,1/1/1937,102.148,5.81109
KELANTAN,PPD TUMPAT,DBC6356,SEKOLAH JENIS KEBANGSAAN (CINA) YUK TZE,道北育智华小,KELABORAN TUMPAT,16200,TUMPAT,1/2/1916,102.1605161,6.188114406
KELANTAN,PPD KUALA KRAI,DBC7401,SEKOLAH JENIS KEBANGSAAN (CINA) YUK CHAI,瓜拉吉赖育才华小,JALAN PANGGONG,18000,KUALA KRAI,25/6/1920,102.202,5.52813
KELANTAN,PPD GUA MUSANG,DBC8001,SEKOLAH JENIS KEBANGSAAN (CINA) GUA MUSANG,话望生华小,"S.J.K.(C) GUA MUSANG, JLN PULAI, GUA MUSANG",18300,GUA MUSANG,1/1/1954,101.962,4.88183
KELANTAN,PPD GUA MUSANG,DBC8002,SEKOLAH JENIS KEBANGSAAN (CINA) KAMPUNG PULAI,话望生布赖新村华小,KAMPUNG PULAI,18300,GUA MUSANG,3/1/2012,101.952,4.79118
JOHOR,PPD BATU PAHAT,JBC0001,SEKOLAH JENIS KEBANGSAAN (CINA) AI CHUN 1,峇株巴辖爱群华小(一)校,"NO.1, JALAN MOHD KHALID",83000,BATU PAHAT,7/1/1924,102.930262,1.850407
JOHOR,PPD BATU PAHAT,JBC0002,SEKOLAH JENIS KEBANGSAAN (CINA) AI CHUN 2,峇株巴辖爱群华小(二)校,JALAN MOHD KHALID,83007,BATU PAHAT,7/1/1963,102.930257,1.850414
JOHOR,PPD BATU PAHAT,JBC0003,SEKOLAH JENIS KEBANGSAAN (CINA) BULOH,峇株巴辖普乐华小,"NO. 38, PARIT BULOH, TONGKANG PECHAH",83010,BATU PAHAT,30/6/1935,102.9875377,1.890810199
JOHOR,PPD BATU PAHAT,JBC0004,SEKOLAH JENIS KEBANGSAAN (CINA) CHENG SIU 1,峇株巴辖正修华小(一)校,"463, JALAN TANJUNG LABUH",83000,BATU PAHAT,4/7/1911,102.949681,1.833771988
JOHOR,PPD BATU PAHAT,JBC0005,SEKOLAH JENIS KEBANGSAAN (CINA) CHENG SIU 2,峇株巴辖正修华小(二)校,"NO. 463, JALAN TANJONG LABOH",83000,BATU PAHAT,4/1/1963,102.9497366,1.833789832
JOHOR,PPD BATU PAHAT,JBC0006,SEKOLAH JENIS KEBANGSAAN (CINA) CHERN HWA BUKIT PASIR,白沙浮振华华小,BUKIT PASIR,83050,BATU PAHAT,1/1/1932,102.9420358,1.875411475
JOHOR,PPD BATU PAHAT,JBC0007,SEKOLAH JENIS KEBANGSAAN (CINA) CHONG HWA SRI GADING,四加亭中华华小,SRI GADING,83300,BATU PAHAT,1/1/1927,103.0299219,1.856000979
JOHOR,PPD BATU PAHAT,JBC0008,SEKOLAH JENIS KEBANGSAAN (CINA) CHONG HWA SEGENTING,石文丁中华华小,"SEGENTING, MINYAK BEKU",83030,BATU PAHAT,1/1/1946,102.893093,1.788005945
JOHOR,PPD BATU PAHAT,JBC0009,SEKOLAH JENIS KEBANGSAAN (CINA) CHONG HWA SG.AYAM,亚音港中华华小,KUALA SUNGAI AYAM,83040,BATU PAHAT,1/1/1944,102.9315588,1.760517687
JOHOR,PPD BATU PAHAT,JBC0010,SEKOLAH JENIS KEBANGSAAN (CINA) CHONG HWA SENGGARANG,新加兰中华华小,JALAN GATE AIR,83200,BATU PAHAT,1/1/1938,103.053335,1.751718
JOHOR,PPD BATU PAHAT,JBC0011,SEKOLAH JENIS KEBANGSAAN (CINA) CHONG HWA PT KADIR,巴力加礼中华华小,"PT.KADIR,SENGGARANG",83200,SENGGARANG,1/3/1937,103.1068362,1.77260731
JOHOR,PPD BATU PAHAT,JBC0012,SEKOLAH JENIS KEBANGSAAN (CINA) CHONG HWA SRI MEDAN,铁山中华华小,JALAN BESAR SRI MEDAN,83400,BATU PAHAT,1/1/1946,102.9565889,1.981819097
JOHOR,PPD BATU PAHAT,JBC0013,SEKOLAH JENIS KEBANGSAAN (CINA) CHONG HWA RENGIT,龙引中华华小,RENGIT,83100,BATU PAHAT,1/2/1946,103.144878,1.680316586
JOHOR,PPD BATU PAHAT,JBC0014,SEKOLAH JENIS KEBANGSAAN (CINA) CHONG HWA KANGKAR SENANGGAR,巴力士隆港脚中华华小,"KANGKAR SENANGAR, PARIT SULONG",83500,BATU PAHAT,1/1/1970,102.881972,2.027098
JOHOR,PPD BATU PAHAT,JBC0015,SEKOLAH JENIS KEBANGSAAN (CINA) CHUNG CHENG,新加兰中正华小,BT 7 JLN SENGGARANG,83200,BATU PAHAT,1/1/1946,102.9743352,1.772323664
JOHOR,PPD BATU PAHAT,JBC0016,SEKOLAH JENIS KEBANGSAAN (CINA) HUA MIN,峇株巴辖华民华小,"1,JALAN ROTAN AKAR, TAMAN SRI JAYA",83000,BATU PAHAT,1/1/1958,102.9481012,1.872608847
JOHOR,PPD BATU PAHAT,JBC0017,SEKOLAH JENIS KEBANGSAAN (CINA) HWA JIN,峇株巴辖华仁华小,JLN TANJUNG LABOH,83000,BATU PAHAT,31/12/1947,102.9467976,1.83538719
JOHOR,PPD BATU PAHAT,JBC0018,SEKOLAH JENIS KEBANGSAAN (CINA) HWA NAN,峇株巴辖华南华小,"LOT 2018, GM 535, JALAN PARIT IMAM",83000,BATU PAHAT,1/1/1936,102.9784027,1.872591547
JOHOR,PPD BATU PAHAT,JBC0019,SEKOLAH JENIS KEBANGSAAN (CINA) KONG NAN,巴力拉惹光南华小,PARIT RAJA,86400,PARIT RAJA,1/1/1968,103.1166522,1.866526021
JOHOR,PPD BATU PAHAT,JBC0020,SEKOLAH JENIS KEBANGSAAN (CINA) KANGKAR BAHRU,永平新港华小,"JALAN PALOH, KANGKAR BAHRU, YONG PENG",83700,BATU PAHAT,15/3/1937,103.1266625,2.0601408
JOHOR,PPD BATU PAHAT,JBC0021,SEKOLAH JENIS KEBANGSAAN (CINA) LAM LEE,永平南利华小,KG LAM LEE,83720,YONG PENG,1/1/1952,103.0466234,2.094474843
JOHOR,PPD BATU PAHAT,JBC0022,SEKOLAH JENIS KEBANGSAAN (CINA) LI CHUN,巴力加心励群华小,"2, KG PT KASSIM LAUT,MK 6",83000,BATU PAHAT,1/1/1939,102.9125009,1.913361933
JOHOR,PPD BATU PAHAT,JBC0023,SEKOLAH JENIS KEBANGSAAN (CINA) MALAYAN,亚依淡马华华小,104 JALAN SEROJA AYER HITAM,86100,BATU PAHAT,22/5/1948,103.180127,1.914979617
JOHOR,PPD BATU PAHAT,JBC0025,SEKOLAH JENIS KEBANGSAAN (CINA) PANCHOR,班卒华小,"BT 6, JLN KLUANG",83300,BATU PAHAT,1/1/1961,103.0029885,1.866790211
JOHOR,PPD BATU PAHAT,JBC0026,SEKOLAH JENIS KEBANGSAAN (CINA) PEI CHUN,圣模那培群华小,PEKAN SEMERAH,83600,BATU PAHAT,1/1/1960,102.780791,1.884112147
JOHOR,PPD BATU PAHAT,JBC0027,SEKOLAH JENIS KEBANGSAAN (CINA) PING MING,米那务固平民华小,BT 4 1/2 MINYAK BEKU,83030,BATU PAHAT,28/2/1946,102.9067775,1.800760984
JOHOR,PPD BATU PAHAT,JBC0028,SEKOLAH JENIS KEBANGSAAN (CINA) SIN HWA,白沙浮新华华小,"TAMAN MAJU, BUKIT PASIR",83050,BATU PAHAT,1/1/1930,102.9439552,1.870385003
JOHOR,PPD BATU PAHAT,JBC0029,SEKOLAH JENIS KEBANGSAAN (CINA) SIN HWA,巴力双倪新华华小,"PARIT SANGIT, SEMERAH",83600,BATU PAHAT,1/1/1937,102.8033718,1.869357041
JOHOR,PPD BATU PAHAT,JBC0030,SEKOLAH JENIS KEBANGSAAN (CINA) SULONG,巴力士隆树人华小,PARIT SULONG,83500,BATU PAHAT,1/1/1921,102.8823553,1.976326186
JOHOR,PPD BATU PAHAT,JBC0031,SEKOLAH JENIS KEBANGSAAN (CINA) TONGKANG,峇株巴辖中江华小,TONGKANG PECHAH,83010,TONGKANG PECHAH,7/7/1955,102.956363,1.917764748
JOHOR,PPD BATU PAHAT,JBC0032,SEKOLAH JENIS KEBANGSAAN (CINA) TUNG CHENG,峇眼同正华小,BAGAN,83000,BATU PAHAT,1/1/1925,102.8590082,1.847120152
JOHOR,PPD BATU PAHAT,JBC0033,SEKOLAH JENIS KEBANGSAAN (CINA) YANI,永平安宁华小,PT YAANI,83710,YONG PENG,28/11/1948,103.02758,1.957239
JOHOR,PPD BATU PAHAT,JBC0034,SEKOLAH JENIS KEBANGSAAN (CINA) YEONG CHANG,双溪须汝永章华小,SUNGAI SULOH,83040,BATU PAHAT,19/2/1931,102.9511756,1.777627868
JOHOR,PPD BATU PAHAT,JBC0035,SEKOLAH JENIS KEBANGSAAN (CINA) YONG PENG 1,永平华小(一)校,"JKR 1081, JALAN SEKOLAH CINA",83700,YONG PENG,1/1/1927,103.0618962,2.013681972
JOHOR,PPD BATU PAHAT,JBC0036,SEKOLAH JENIS KEBANGSAAN (CINA) YONG PENG 2,永平华小(二)校,PTD 26159 MUKIM TANJONG SEMBERONG,83700,YONG PENG,1/5/1967,103.0662692,2.030471443
JOHOR,PPD BATU PAHAT,JBC0037,SEKOLAH JENIS KEBANGSAAN (CINA) YORK CHAI,巴力安宁育才华小,PARIT YANI LAUT,83710,PARIT YAANI,1/1/1934,103.0168278,1.894125672
JOHOR,PPD JOHOR BAHRU,JBC1003,SEKOLAH JENIS KEBANGSAAN (CINA) FOON YEW 1,新山宽柔华小(一)校,JALAN KEBUN TEH,80250,JOHOR BAHRU,1/1/1939,103.7620068,1.496765217
JOHOR,PPD JOHOR BAHRU,JBC1004,SEKOLAH JENIS KEBANGSAAN (CINA) FOON YEW 2,新山宽柔华小(二)校,JALAN TASEK UTARA,80100,JOHOR BAHRU,1/1/1958,103.7432165,1.480201462
JOHOR,PPD JOHOR BAHRU,JBC1005,SEKOLAH JENIS KEBANGSAAN (CINA) FOON YEW 3,新山宽柔华小(三)校,JALAN DATO JAAFAR,80350,JOHOR BAHRU,1/1/1958,103.7513331,1.490494375
JOHOR,PPD JOHOR BAHRU,JBC1006,SEKOLAH JENIS KEBANGSAAN (CINA) FOON YEW 4,新山宽柔华小(四)校,JALAN CENDERASARI,80350,JOHOR BAHRU,15/1/1913,103.7330543,1.499304819
JOHOR,PPD PASIR GUDANG,JBC1007,SEKOLAH JENIS KEBANGSAAN (CINA) FOON YEW 5,新山宽柔华小(五)校,"JLN. MUTIARA EMAS 4/19, TMN.MOUNT AUSTIN",81100,JOHOR BAHRU,1/1/1959,103.779075,1.555532237
JOHOR,PPD JOHOR BAHRU,JBC1008,SEKOLAH JENIS KEBANGSAAN (CINA) KUO KUANG,士姑来国光华小,BATU 8 1/2 JALAN SKUDAI,81300,SKUDAI,1/1/1930,103.6708351,1.526836055
JOHOR,PPD JOHOR BAHRU,JBC1012,SEKOLAH JENIS KEBANGSAAN (CINA) ST JOSEPH,新山若瑟华小,JLN ABD RAHMAN ANDAK,80100,JOHOR BAHRU,1/1/1939,103.7582644,1.465509488
JOHOR,PPD JOHOR BAHRU,JBC1013,SEKOLAH JENIS KEBANGSAAN (CINA) TAMPOI,新山丹柏华小,JLN. DATO DAUD,81200,JOHOR BAHRU,1/1/1946,103.7043862,1.499855975
JOHOR,PPD JOHOR BAHRU,JBC1020,SEKOLAH JENIS KEBANGSAAN (CINA) MING TERK,振林山明德华小,D/A SJK(C) MING TERK,81550,GELANG PATAH,4/4/1932,103.5907564,1.449740521
JOHOR,PPD JOHOR BAHRU,JBC1021,SEKOLAH JENIS KEBANGSAAN (CINA) PEI HWA,新山柏岭培华华小,JLN PERSISIRAN PERLING 1 TMN PERLING,81200,JOHOR BAHRU,16/5/1993,103.6835998,1.495101361
JOHOR,PPD JOHOR BAHRU,JBC1022,SEKOLAH JENIS KEBANGSAAN (CINA) PING MING,新山平民华小,LIMA KEDAI,81120,JOHOR BAHRU,1/1/1947,103.6189556,1.50312951
JOHOR,PPD JOHOR BAHRU,JBC1023,SEKOLAH JENIS KEBANGSAAN (CINA) PU SZE,士姑来辅士华小,"SJK (C) PU SZE, JALAN LIMBAT, BATU 10",81300,SKUDAI,19/9/1922,103.6618752,1.536051326
JOHOR,PPD PASIR GUDANG,JBC1029,SEKOLAH JENIS KEBANGSAAN (CINA) BAN FOO,新山万孚华小,KAMPUNG BARU BAN FOO,81800,ULU TIRAM,1/1/1951,103.8525695,1.567278218
JOHOR,PPD PASIR GUDANG,JBC1030,SEKOLAH JENIS KEBANGSAAN (CINA) CHIEN CHI,新山避兰东建集华小,JLN BUNGA MATAHARI,81750,MASAI,31/12/1953,103.8238634,1.525620663
JOHOR,PPD PASIR GUDANG,JBC1031,SEKOLAH JENIS KEBANGSAAN (CINA) CHEE TONG,马塞启东华小,"JALAN KEMPAS,TAMAN KOTA PUTRI",81750,MASAI,1/1/1937,103.8499828,1.489870966
JOHOR,PPD PASIR GUDANG,JBC1032,SEKOLAH JENIS KEBANGSAAN (CINA) MASAI,马塞华小,JALAN SEKOLAH,81750,MASAI,1/12/1953,103.8853394,1.490307646
JOHOR,PPD PASIR GUDANG,JBC1033,SEKOLAH JENIS KEBANGSAAN (CINA) PANDAN,新山班兰华小,"JALAN SENDUDUK 1, KAMPUNG BARU PANDAN",81100,JOHOR BAHRU,1/1/1930,103.7685534,1.5270863
JOHOR,PPD PASIR GUDANG,JBC1035,SEKOLAH JENIS KEBANGSAAN (CINA) TIRAM,新山乌鲁地南智南华小,JALAN KEKABU,81800,ULU TIRAM,1/1/1945,103.8189869,1.598641384
JOHOR,PPD JOHOR BAHRU,JBC1036,SEKOLAH JENIS KEBANGSAAN (CINA) KEMPAS BARU,新山坚柏华小,"JLN. BANJARAN 4,KG. KEMPAS BARU,TAMPOI",81200,JOHOR BAHRU,1/5/1975,103.7092926,1.533301707
JOHOR,PPD JOHOR BAHRU,JBC1037,SEKOLAH JENIS KEBANGSAAN (CINA) KUO KUANG 2,新山国光华小(二)校,"JLN PERSISIRAN SUTERA UTAMA, TAMAN SUTERA UTAMA",81300,SKUDAI,5/1/1998,103.6721548,1.503869628
JOHOR,PPD PASIR GUDANG,JBC1038,SEKOLAH JENIS KEBANGSAAN (CINA) NAM HENG BARU,马塞南兴华小,BANDAR SERI ALAM,81750,MASAI,1/5/1954,103.879635,1.503567649
JOHOR,PPD PASIR GUDANG,JBC1039,SEKOLAH JENIS KEBANGSAAN (CINA) JOHOR JAYA,柔佛再也华小,"JALAN ROSMERAH 5/1, TAMAN JOHOR JAYA",81100,JOHOR BAHRU,15/10/2001,103.8014346,1.532303384
JOHOR,PPD PASIR GUDANG,JBC1040,SEKOLAH JENIS KEBANGSAAN (CINA) PEI CHIH,新山烈光镇培智华小,17 JALAN KENANGA 4 TAMAN DESA CEMERLANG,81800,ULU TIRAM,1/1/1948,103.8154143,1.554433169
JOHOR,PPD KULAI,JBC1041,SEKOLAH JENIS KEBANGSAAN (CINA) WOON HWA,江加埔来文化华小,"BANDAR BARU KANGKAR PULAI, KANGKAR PULAI",81110,JOHOR BAHRU,1/1/1938,103.5824979,1.560402443
JOHOR,PPD JOHOR BAHRU,JBC1042,SEKOLAH JENIS KEBANGSAAN (CINA) THORBURN,新山道文华小,"TAMAN MUTIARA RINI, JALAN BAKTI",81300,SKUDAI,1/1/1950,103.6279332,1.526148124
JOHOR,PPD JOHOR BAHRU,JBC1043,SEKOLAH JENIS KEBANGSAAN (CINA) THAI HONG,新山泰丰华小,JALAN IMPIAN EMAS SUSUR 1 TAMAN IMPIAN EMAS,81300,JOHOR BAHRU,2/10/1954,103.6786459,1.553565478
JOHOR,PPD JOHOR BAHRU,JBC1044,SEKOLAH JENIS KEBANGSAAN (CINA) PAI TZE,新山培智华小,"11, JALAN LAMAN SETIA UTAMA, TAMAN LAMAN SETIA",81550,JOHOR BAHRU,30/6/1948,103.5927996,1.494593368
JOHOR,PPD JOHOR BAHRU,JBC1045,SEKOLAH JENIS KEBANGSAAN (CINA) MING CHIH,新山明智华小,"NO.5,JALAN HIJAUAN 2,HORIZON HILLS",79100,NUSAJAYA,1/1/1939,103.6445381,1.45893854
JOHOR,PPD KULAI,JBC1046,SEKOLAH JENIS KEBANGSAAN (CINA) CHING YEH,乌鲁槽敬业华小,"BT22, ULU CHOH",81150,JOHOR BAHRU,1/1/1953,103.5447625,1.52664533
JOHOR,PPD KULAI,JBC1047,SEKOLAH JENIS KEBANGSAAN (CINA) PULAI,辅莱华小,KANGKAR PULAI,81300,JOHOR BAHRU,1/1/1935,103.5929207,1.559067547
JOHOR,PPD PASIR GUDANG,JBC1048,SEKOLAH JENIS KEBANGSAAN (CINA) PEI HWA 2,新山培华华小二校,"PTD 194798 (PLOT48) KAMPUNG PLENTONG BARU, MUKIM PLENTONG",81750,PASIR GUDANG,29/11/2015,103.8057958,1.509827251
JOHOR,PPD PASIR GUDANG,JBC1049,SEKOLAH JENIS KEBANGSAAN (CINA) LADANG GRISEK,新廊华小,JALAN MANGGIS 1 TAMAN KOTA MASAI,81700,PASIR GUDANG,1/1/1952,103.9439256,1.491649375
JOHOR,PPD JOHOR BAHRU,JBC1050,SEKOLAH JENIS KEBANGSAAN (CINA) CHEAH FAH,谢华华小,"JALAN MEDINI SELATAN 1, SUNWAY CITY,",79250,ISKANDAR PUTERI,10/3/2022,103.630767,1.394497
JOHOR,PPD JOHOR BAHRU,JBC1051,SEKOLAH JENIS KEBANGSAAN (CINA) POAY CHAI,武吉英达培才华小,"JALAN CHANGKAT INDAH UTAMA, TAMAN BUKIT INDAH 2",79100,NUSAJAYA,1/1/1930,103.6615507,1.469225895
JOHOR,PPD KLUANG,JBC2002,SEKOLAH JENIS KEBANGSAAN (CINA) SENTRAL PALOH,圣德巴罗华小,LADANG CENTRAL PALOH,86600,PALOH,1/1/1953,103.2212842,2.175866868
JOHOR,PPD KLUANG,JBC2003,SEKOLAH JENIS KEBANGSAAN (CINA) CHIAN BEE,巴罗占美华小,"JALAN BANDAR, CHAMEK",86600,PALOH,1/1/1931,103.2390415,2.141489508
JOHOR,PPD KLUANG,JBC2004,SEKOLAH JENIS KEBANGSAAN (CINA) CHIAU MIN,居銮侨民华小,"BATU 1 1/2, JALAN BATU PAHAT",86000,KLUANG,1/1/1944,103.2958743,2.015875199
JOHOR,PPD KLUANG,JBC2006,SEKOLAH JENIS KEBANGSAAN (CINA) CHIN CHIANG,令金振强华小,JALAN HAJI SIRAJ,86300,RENGGAM,1/1/1920,103.40397,1.881603
JOHOR,PPD KLUANG,JBC2007,SEKOLAH JENIS KEBANGSAAN (CINA) CHONG ENG,居銮中英华小,JALAN DATO TEOH SIEW KHOR,86000,KLUANG,1/1/1930,103.3192887,2.033300735
JOHOR,PPD KLUANG,JBC2008,SEKOLAH JENIS KEBANGSAAN (CINA) CHONG HWA I,居銮中华华小(一)校,"82, JALAN LAMBAK",86000,KLUANG,1/1/1958,103.3193357,2.026838071
JOHOR,PPD KLUANG,JBC2009,SEKOLAH JENIS KEBANGSAAN (CINA) CHONG HWA 2,居銮中华华小(二)校,"90, JALAN LAMBAK",86000,KLUANG,1/1/1952,103.3195632,2.026243334
JOHOR,PPD KLUANG,JBC2010,SEKOLAH JENIS KEBANGSAAN (CINA) CHONG HWA 3,居銮中华华小(三)校,JALAN BALAU,86000,KLUANG,1/1/1958,103.3273716,2.026536512
JOHOR,PPD KLUANG,JBC2011,SEKOLAH JENIS KEBANGSAAN (CINA) KG. GAJAH,居銮佳雅华小,"BT. 8, JALAN MERSING",86000,KLUANG,1/1/1941,103.3948133,2.106084053
JOHOR,PPD KLUANG,JBC2012,SEKOLAH JENIS KEBANGSAAN (CINA) KAHANG,加亨华小,"KAHANG BATU 22, JALAN MERSING",86700,KAHANG,1/1/1932,103.5413221,2.214126775
JOHOR,PPD KLUANG,JBC2015,SEKOLAH JENIS KEBANGSAAN (CINA) LAYANG,拉央华小,JALAN KEMAJUAN,81850,LAYANG-LAYANG,1/1/1949,103.4772131,1.816057895
JOHOR,PPD KLUANG,JBC2016,SEKOLAH JENIS KEBANGSAAN (CINA) LIT TERK,梁站立德华小,"JALAN SEKOLAH, KAMPUNG BARU NIYOR",86000,KLUANG,1/1/1937,103.2792901,2.094818378
JOHOR,PPD KLUANG,JBC2017,SEKOLAH JENIS KEBANGSAAN (CINA) MACHAP,新邦令金吗什华小,KG. MACHAP,86200,SIMPANG RENGGAM,1/1/1935,103.2639621,1.881688011
JOHOR,PPD KLUANG,JBC2018,SEKOLAH JENIS KEBANGSAAN (CINA) PALOH,巴罗华小,JLN IBRAHIM,86600,PALOH,1/1/1955,103.1937478,2.194057069
JOHOR,PPD KLUANG,JBC2019,SEKOLAH JENIS KEBANGSAAN (CINA) PA YAI,居銮博爱华小,KAMPONG PAYA,86000,KLUANG,1/1/1938,103.334617,2.043029339
JOHOR,PPD KLUANG,JBC2021,SEKOLAH JENIS KEBANGSAAN (CINA) PING MING,居銮平民华小,JALAN YAP TAU SAH,86000,KLUANG,1/1/1932,103.3253862,2.018495854
JOHOR,PPD KLUANG,JBC2022,SEKOLAH JENIS KEBANGSAAN (CINA) SAYONG,令金沙翁华小,KAMPUNG BARU SUNGAI SAYONG,86300,RENGAM,5/10/1954,103.3732621,1.922778165
JOHOR,PPD KLUANG,JBC2024,SEKOLAH JENIS KEBANGSAAN (CINA) SOUTH MALAYA,新邦令金南马华小,"P.S. 107, LADANG NANAS",86200,SIMPANG RENGGAM,1/1/1957,103.2687519,1.830486956
JOHOR,PPD KLUANG,JBC2027,SEKOLAH JENIS KEBANGSAAN (CINA) TUAN POON,新邦令金端本华小,JALAN SEKOLAH,86200,SIMPANG RENGGAM,1/1/1937,103.3104246,1.825731413
JOHOR,PPD KLUANG,JBC2029,SEKOLAH JENIS KEBANGSAAN (CINA) YU MING,巴罗育民华小,"LADANG KALI MALAYA, PALOH",86609,KLUANG,30/6/1949,103.1824511,2.179675471
JOHOR,PPD KLUANG,JBC2030,SEKOLAH JENIS KEBANGSAAN (CINA) SRI LALANG,居銮实里拉龙华小,"BATU 5, SRI LALANG",86000,KLUANG,1/1/1938,103.2525292,1.990390065
JOHOR,PPD KOTA TINGGI,JBC3005,SEKOLAH JENIS KEBANGSAAN (CINA) GOGOK,边佳兰高谷华小,PASIR GOGOK,81630,PENGERANG,1/1/1953,104.100641,1.423360908
JOHOR,PPD KOTA TINGGI,JBC3006,SEKOLAH JENIS KEBANGSAAN (CINA) MAWAI,哥打丁宜马威华小,"PTD 36210, JALAN MUTIARA UTAMA, TAMAN DAIMAN JAYA",81900,KOTA TINGGI,3/1/1962,103.896336,1.713888
JOHOR,PPD KOTA TINGGI,JBC3007,SEKOLAH JENIS KEBANGSAAN (CINA) NEW KOTA,新哥打华小,"JALAN TAIB,KOTA KECIL",81900,KOTA TINGGI,1/3/1953,103.904601,1.742718
JOHOR,PPD KOTA TINGGI,JBC3008,SEKOLAH JENIS KEBANGSAAN (CINA) NAN YA,哥打丁宜南亚华小,TELOK SENGAT,81940,KOTA TINGGI,1/1/1928,104.0320683,1.564696488
JOHOR,PPD KOTA TINGGI,JBC3012,SEKOLAH JENIS KEBANGSAAN (CINA) PEI HWA,哥打丁宜培华华小,PETI SURAT 34,81907,KOTA TINGGI,20/9/1923,103.897583,1.727185
JOHOR,PPD KOTA TINGGI,JBC3014,SEKOLAH JENIS KEBANGSAAN (CINA) PEAY MIN,边佳兰培民华小,TELUK RAMUNIA,81620,KOTA TINGGI,1/1/1949,104.2472371,1.372343717
JOHOR,PPD KOTA TINGGI,JBC3015,SEKOLAH JENIS KEBANGSAAN (CINA) TAI SIN,边佳兰大新华小,PERSIARAN BAYU DAMAI 2/4 TAMAN BAYU DAMAI,81620,PENGERANG,8/1/1945,104.268225,1.383751
JOHOR,PPD KOTA TINGGI,JBC3018,SEKOLAH JENIS KEBANGSAAN (CINA) YU HWA,哥打丁宜育华华小,"JLN SS 7/5, TMN SRI SAUJANA",81900,KOTA TINGGI,1/1/1932,103.856478,1.663048
JOHOR,PPD KOTA TINGGI,JBC3019,SEKOLAH JENIS KEBANGSAAN (CINA) YOK POON,边佳兰四湾育本华小,SUNGAI RENGIT,81620,PENGERANG,10/10/1938,104.222672,1.349267
JOHOR,PPD MERSING,JBC4001,SEKOLAH JENIS KEBANGSAAN (CINA) CHIAO CHING,兴楼侨庆华小,JLN. HJ. ARIFFIN,86900,ENDAU,1/1/1930,103.62535,2.65076
JOHOR,PPD MERSING,JBC4002,SEKOLAH JENIS KEBANGSAAN (CINA) KG HUBONG,兴楼好旺华小,"JALAN MAHSURI, KG.HUBONG",86900,ENDAU,2/10/1952,103.6479968,2.622016529
JOHOR,PPD MERSING,JBC4003,SEKOLAH JENIS KEBANGSAAN (CINA) JEMALUANG,三板头仁銮华小,JALAN SEKOLAH,86810,MERSING,1/1/1953,103.8569677,2.276397842
JOHOR,PPD MERSING,JBC4004,SEKOLAH JENIS KEBANGSAAN (CINA) PAI CHEE,丰盛港培智华小,"52, JALAN ISMAIL",86800,MERSING,1/1/1920,103.843645,2.429019
JOHOR,PPD MUAR,JBC5001,SEKOLAH JENIS KEBANGSAAN (CINA) AI HWA,麻坡班卒爱华华小,PEKAN PANCHOR,84500,PANCHOR,1/1/1941,102.7123,2.170575
JOHOR,PPD MUAR,JBC5002,SEKOLAH JENIS KEBANGSAAN (CINA) AIK MING,麻坡益民华小,"BT 4, JLN BKT PASIR",84300,BUKIT PASIR,1/1/1945,102.5893312,2.086121301
JOHOR,PPD MUAR,JBC5004,SEKOLAH JENIS KEBANGSAAN (CINA) BOON LIM,麻坡巴力武叻文林华小,PARIT BULAT,84160,PARIT JAWA,4/4/1922,102.6827,1.914238
JOHOR,PPD MUAR,JBC5007,SEKOLAH JENIS KEBANGSAAN (CINA) CHI SIN,麻坡巴力峇九启新华小,"BT 3.5, JALAN TEMENGGUNG AHMAD",84010,PARIT BAKAR,1/1/1947,102.6054,2.003492
JOHOR,PPD MUAR,JBC5009,SEKOLAH JENIS KEBANGSAAN (CINA) CHIN KWANG WAHYU,麻坡巴冬真光华育华小,JALAN MAHMOOD,84150,PARIT JAWA,1/1/1927,102.645,1.959637
JOHOR,PPD MUAR,JBC5011,SEKOLAH JENIS KEBANGSAAN (CINA) CHIN TERH,峇吉里勤德华小,BT 8 1/2 JLN BAKRI,84200,BAKRI,1/1/1946,102.6812,2.02635
JOHOR,PPD MUAR,JBC5012,SEKOLAH JENIS KEBANGSAAN (CINA) CHUNG HWA 1 A,麻坡中化一小 A 校,"181, JALAN SAYANG",84000,MUAR,1/4/1912,102.5688564,2.045613211
JOHOR,PPD MUAR,JBC5013,SEKOLAH JENIS KEBANGSAAN (CINA) CHUNG HWA 1 B,麻坡中化一小 B 校,"181, JLN SAYANG",84000,MUAR,1/4/1912,102.5682861,2.045458272
JOHOR,PPD MUAR,JBC5014,SEKOLAH JENIS KEBANGSAAN (CINA) CHUNG HWA 2A,麻坡中化二小 A 校,"NO 10, JLN BAKRI",84000,MUAR,24/10/1918,102.5712,2.049263
JOHOR,PPD MUAR,JBC5015,SEKOLAH JENIS KEBANGSAAN (CINA) CHUNG HWA 2B,麻坡中化二小 B 校,"10, JLN BAKRI",84000,MUAR,4/1/1912,102.5708,2.049824
JOHOR,PPD MUAR,JBC5016,SEKOLAH JENIS KEBANGSAAN (CINA) CHUNG HWA KETIGA,麻坡中化第三小学,"NO 23, JLN ABDUL RAHMAN",84000,MUAR,1/1/1958,102.5666,2.032661
JOHOR,PPD MUAR,JBC5017,SEKOLAH JENIS KEBANGSAAN (CINA) CHUNG HWA PRESBYTERIAN,麻坡中华基督华小,JLN HASHIM,84000,MUAR,1/8/1923,102.5752763,2.050506326
JOHOR,PPD MUAR,JBC5021,SEKOLAH JENIS KEBANGSAAN (CINA) CHUNG HWA,麻坡武吉巴西头条中华华小,KG JORAK,84300,BUKIT PASIR,15/9/1946,102.6467,2.127562
JOHOR,PPD MUAR,JBC5023,SEKOLAH JENIS KEBANGSAAN (CINA) CHUNG SUN,巴莪中山华小,KAMPUNG RAJA,84600,PAGOH,1/1/1940,102.7566,2.167776
JOHOR,PPD MUAR,JBC5025,SEKOLAH JENIS KEBANGSAAN (CINA) HAU LIM,麻坡檺林华小,SUNGAI BALANG,83610,SUNGAI BALANG,1/5/1955,102.7384,1.907481
JOHOR,PPD MUAR,JBC5026,SEKOLAH JENIS KEBANGSAAN (CINA) LIMBONG,麻坡林蒙华小,PARIT LIMBONG,84150,PARIT JAWA,1/1/1938,102.6306222,1.973310492
JOHOR,PPD MUAR,JBC5027,SEKOLAH JENIS KEBANGSAAN (CINA) HWA MING,武吉摩华明华小,BKT MOR,84150,PARIT JAWA,3/1/1927,102.6614843,1.975579339
JOHOR,PPD MUAR,JBC5028,SEKOLAH JENIS KEBANGSAAN (CINA) KEPONG,麻坡吉逢华小,"JKR 3026, BKT KEPONG",84030,BUKIT KEPONG,1/1/1945,102.8302,2.345478
JOHOR,PPD MUAR,JBC5030,SEKOLAH JENIS KEBANGSAAN (CINA) KIM KEE,武吉巴西金枝华小,"P.O.BOX.101, LDG CRAIGIELEA",84300,BUKIT PASIR,1/1/1950,102.6943944,2.084374552
JOHOR,PPD MUAR,JBC5034,SEKOLAH JENIS KEBANGSAAN (CINA) LENGA,麻坡岭嘉华小,"LENGA, MUAR",84040,LENGA,1/1/1935,102.8146,2.275755
JOHOR,PPD MUAR,JBC5036,SEKOLAH JENIS KEBANGSAAN (CINA) PEI CHAI,峇吉里培才华小,"BT 3 1/2, JLN BAKRI",84000,MUAR,1/1/1938,102.6156862,2.04668058
JOHOR,PPD MUAR,JBC5039,SEKOLAH JENIS KEBANGSAAN (CINA) PEI YANG,麻坡培养华小,"BT 1 1/2, JLN BAKRI",84000,MUAR,1/1/1957,102.58344,2.048079033
JOHOR,PPD MUAR,JBC5040,SEKOLAH JENIS KEBANGSAAN (CINA) PENGKALAN BUKIT,巴莪榜加兰华小,"JLN PERSIARAN, TAMAN PAGOH JAYA",84600,MUAR,1/1/1951,102.713,2.13559
JOHOR,PPD MUAR,JBC5041,SEKOLAH JENIS KEBANGSAAN (CINA) PU NAN,巴口辅南华小,BKT BAKRI,84200,BAKRI,1/1/1933,102.6587,2.042819
JOHOR,PPD MUAR,JBC5043,SEKOLAH JENIS KEBANGSAAN (CINA) RENCHONG,巴莪岭章华小,BT 23,84600,PAGOH,15/1/1959,102.810766,2.201562718
JOHOR,PPD MUAR,JBC5044,SEKOLAH JENIS KEBANGSAAN (CINA) SAN CHAI,巴力温那善才华小,"PARIT UNAS, JLN ABDUL RAHMAN",84150,PARIT JAWA,1/1/1947,102.6049,1.987917
JOHOR,PPD MUAR,JBC5046,SEKOLAH JENIS KEBANGSAAN (CINA) SING HWA,麻坡醒华华小,JALAN BAKARIAH,84000,MUAR,5/3/1935,102.5732986,2.066381871
JOHOR,PPD MUAR,JBC5047,SEKOLAH JENIS KEBANGSAAN (CINA) SIN MING,麻坡新民华小,PARIT TENGAH,84150,PARIT JAWA,1/1/1930,102.6640143,1.950974526
JOHOR,PPD MUAR,JBC5048,SEKOLAH JENIS KEBANGSAAN (CINA) SOON CHENG,麻坡训正华小,LOT1206 JALAN PT SETONGKAT DARAT SG TERAP,84000,MUAR,1/1/1947,102.6016636,2.07136367
JOHOR,PPD MUAR,JBC5049,SEKOLAH JENIS KEBANGSAAN (CINA) SOON MONG,巴莪训蒙华小,JLN SEKOLAH CINA,84600,PAGOH,1/1/1931,102.7689,2.150603
JOHOR,PPD MUAR,JBC5050,SEKOLAH JENIS KEBANGSAAN (CINA) WEE SIN,麻坡丹绒实拉务维新华小,"KM 7, TANJONG SELABU",84300,BUKIT PASIR,1/1/1951,102.5978513,2.137044098
JOHOR,PPD MUAR,JBC5051,SEKOLAH JENIS KEBANGSAAN (CINA) YIH CHIAU,巴莪育侨华小,BT 19 PAYA REDAN,84600,PAGOH,1/1/1955,102.7851,2.159992
JOHOR,PPD MUAR,JBC5052,SEKOLAH JENIS KEBANGSAAN (CINA) YOK ENG,巴力苦麻育英华小,"PARIT KEROMA, JLN DATO HJ KOSAI",84000,MUAR,15/10/1920,102.6058,2.033872
JOHOR,PPD MUAR,JBC5053,SEKOLAH JENIS KEBANGSAAN (CINA) YU ENG,麻坡二南育英华小,"JLN BKT BATU, JERAM",84000,MUAR,1/1/1925,102.627616,2.063200005
JOHOR,PPD MUAR,JBC5054,SEKOLAH JENIS KEBANGSAAN (CINA) YU JERN,武吉巴西育人华小,"JALAN JORAK, BUKIT PASIR",84300,MUAR,16/3/1924,102.6372412,2.09992602
JOHOR,PPD MUAR,JBC5055,SEKOLAH JENIS KEBANGSAAN (CINA) YU MING,麻坡育民华小,PARIT PULAI,84150,PARIT JAWA,1/1/1929,102.6359,1.98746
JOHOR,PPD MUAR,JBC5056,SEKOLAH JENIS KEBANGSAAN (CINA) PEI CHAI,麻坡隆望培才华小,KG GOMBANG,84040,LENGA,1/4/1932,102.8113,2.246636
JOHOR,PPD PONTIAN,JBC6001,SEKOLAH JENIS KEBANGSAAN (CINA) BIN CHONG,笨珍民众华小,RIMBA TERJUN,82000,PONTIAN,7/10/1945,103.3952033,1.473503948
JOHOR,PPD PONTIAN,JBC6002,SEKOLAH JENIS KEBANGSAAN (CINA) CHEOW MIN,笨珍侨民华小,BT 35 JLN JOHOR PONTIAN,82000,PONTIAN,1/1/1951,103.4163671,1.48406379
JOHOR,PPD PONTIAN,JBC6003,SEKOLAH JENIS KEBANGSAAN (CINA) CHI CHIH,笨珍启智华小,"76, AYER BALOI",82100,PONTIAN,1/1/1936,103.3346618,1.589791775
JOHOR,PPD PONTIAN,JBC6004,SEKOLAH JENIS KEBANGSAAN (CINA) CHI MANG,笨珍启蒙华小,KAMPUNG AYER MASIN,82300,KUKUP,1/1/1926,103.4419948,1.333009149
JOHOR,PPD PONTIAN,JBC6005,SEKOLAH JENIS KEBANGSAAN (CINA) CHIEN HWA,笨珍爪哇村建华华小,KAMPUNG JAWA,82100,AYER BALOI,23/1/1938,103.3442196,1.581963552
JOHOR,PPD PONTIAN,JBC6006,SEKOLAH JENIS KEBANGSAAN (CINA) CHUNG HWA,笨珍水池路中华华小,KAYU ARA PASONG,82010,KAYU ARA PASONG,1/1/1934,103.4011685,1.556427623
JOHOR,PPD PONTIAN,JBC6007,SEKOLAH JENIS KEBANGSAAN (CINA) GAU SAN,笨珍乐山华小,JALAN ALSAGOFF,82000,PONTIAN,1/1/1951,103.389233,1.487997
JOHOR,PPD PONTIAN,JBC6008,SEKOLAH JENIS KEBANGSAAN (CINA) KEN BOON,笨珍耕文华小,KUKUP LAUT,82300,PONTIAN,16/10/1926,103.4420206,1.325161608
JOHOR,PPD PONTIAN,JBC6009,SEKOLAH JENIS KEBANGSAAN (CINA) LEE MING,笨珍黎明华小,KG. JELOTONG,82100,AYER BALOI,1/5/1940,103.3202598,1.60498654
JOHOR,PPD PONTIAN,JBC6010,SEKOLAH JENIS KEBANGSAAN (CINA) LOK YORK,文律乐育华小,JALAN ABDUL JALIL,82200,BENUT,1/1/1953,103.2604828,1.640787526
JOHOR,PPD PONTIAN,JBC6011,SEKOLAH JENIS KEBANGSAAN (CINA) LOK YU 1,文律乐育华小(一)校,PARIT TENGAH,82200,BENUT,1/1/1956,103.286262,1.638491003
JOHOR,PPD PONTIAN,JBC6012,SEKOLAH JENIS KEBANGSAAN (CINA) LOK YU(2),文律乐育华小(二)校,PARIT TUJUH PERMATANG DUKU,82200,BENUT,1/1/1946,103.233463,1.690749188
JOHOR,PPD PONTIAN,JBC6013,SEKOLAH JENIS KEBANGSAAN (CINA) LOK YU 3,文律乐育华小(三)校,KAMPUNG PERMATANG SEPAM,82200,BENUT,1/1/1947,103.2371189,1.703927281
JOHOR,PPD PONTIAN,JBC6014,SEKOLAH JENIS KEBANGSAAN (CINA) LOK YU 4,文律乐育华小(四)校,PARIT LUBOK SIPAT,82200,BENUT,1/1/1935,103.2613763,1.718580677
JOHOR,PPD PONTIAN,JBC6015,SEKOLAH JENIS KEBANGSAAN (CINA) LOK YU 6,文律乐育华小(六)校,PARIT GETAH,82200,BENUT,1/1/1950,103.276301,1.677861743
JOHOR,PPD PONTIAN,JBC6016,SEKOLAH JENIS KEBANGSAAN (CINA) NAN MAH,笨珍南马华小,PARIT SIKOM,82010,PARIT SIKOM,1/1/1952,103.4076883,1.589037952
JOHOR,PPD PONTIAN,JBC6017,SEKOLAH JENIS KEBANGSAAN (CINA) PEI CHIAO,笨珍培侨华小,"101 PERMAS, KUKUP",82300,PONTIAN,1/1/1935,103.4548442,1.334142955
JOHOR,PPD PONTIAN,JBC6018,SEKOLAH JENIS KEBANGSAAN (CINA) PEI CHUN 1,笨珍培群华小(一)校,421 JLN TEO KANG SUI,82000,PONTIAN,1/1/1922,103.3904102,1.487492897
JOHOR,PPD PONTIAN,JBC6019,SEKOLAH JENIS KEBANGSAAN (CINA) PEI CHUN (2),笨珍培群华小(二)校,421 JLN TEO KANG SUI,82000,PONTIAN,1/1/1922,103.3910723,1.488355222
JOHOR,PPD PONTIAN,JBC6020,SEKOLAH JENIS KEBANGSAAN (CINA) PEI HWA,笨珍培华华小,TELOK KERANG,82020,PONTIAN,15/10/1945,103.4217971,1.420474896
JOHOR,PPD PONTIAN,JBC6021,SEKOLAH JENIS KEBANGSAAN (CINA) SIU WOON,笨珍龟咯修文华小,KAMPUNG PENEROK,82300,PENEROK,1/1/1926,103.4392175,1.387128276
JOHOR,PPD PONTIAN,JBC6022,SEKOLAH JENIS KEBANGSAAN (CINA) TAH TONG,笨珍大同华小,"JALAN ALSAGOFF, PONTIAN BESAR",82000,PONTIAN,16/2/1925,103.3810843,1.506320961
JOHOR,PPD PONTIAN,JBC6023,SEKOLAH JENIS KEBANGSAAN (CINA) YU MING,笨珍双兰育民华小,SANGLANG,82100,AYER BALOI,14/9/1941,103.3043104,1.626223997
JOHOR,PPD PONTIAN,JBC6024,SEKOLAH JENIS KEBANGSAAN (CINA) YU MING 1,北干那那育民华小(一)校,PEKAN NANAS,81500,PONTIAN,1/1/1952,103.5132593,1.508263814
JOHOR,PPD PONTIAN,JBC6025,SEKOLAH JENIS KEBANGSAAN (CINA) YU MING 2,北干那那育民华小(二)校,PEKAN NANAS,81500,PEKAN NANAS,1/1/1952,103.5132799,1.50827588
JOHOR,PPD SEGAMAT,JBC7001,SEKOLAH JENIS KEBANGSAAN (CINA) AI CHUN,昔加末丁能爱群华小,TENANG STESEN,85000,SEGAMAT,1/1/1935,102.9550609,2.46920987
JOHOR,PPD SEGAMAT,JBC7002,SEKOLAH JENIS KEBANGSAAN (CINA) BEKOK,昔加末吗咯华小,JALAN PEJABAT POS,86500,BEKOK,1/3/1924,103.1290055,2.295503051
JOHOR,PPD SEGAMAT,JBC7003,SEKOLAH JENIS KEBANGSAAN (CINA) HWA NAN,昔加末峇都安南化南华小,JALAN JKR BATU ANAM,85100,BATU ANAM,1/1/1923,102.7086556,2.57827144
JOHOR,PPD SEGAMAT,JBC7004,SEKOLAH JENIS KEBANGSAAN (CINA) CHA'AH,昔加末三合港华小,JALAN YEW CHOR,85400,CHAAH,1/1/1953,103.0437567,2.250472852
JOHOR,PPD SEGAMAT,JBC7005,SEKOLAH JENIS KEBANGSAAN (CINA) CENTRAL SITE,昔加末哥马里中央华小,"LADANG GOMALI, BATU ANAM",85100,SEGAMAT,1/10/1962,102.6674874,2.610799343
JOHOR,PPD SEGAMAT,JBC7006,SEKOLAH JENIS KEBANGSAAN (CINA) TAH KANG,金马士大港华小,JLN.CORONATION,73400,GEMAS,1/1/1946,102.6248668,2.583133002
JOHOR,PPD SEGAMAT,JBC7007,SEKOLAH JENIS KEBANGSAAN (CINA) JEMENTAH 1,利民达华小(一)校,JALAN PADANG,85200,JEMENTAH,1/1/1926,102.6857281,2.438558545
JOHOR,PPD SEGAMAT,JBC7008,SEKOLAH JENIS KEBANGSAAN (CINA) JABI,昔加末北根冶美华小,PEKAN JABI,85000,SEGAMAT,1/1/1924,102.8090571,2.53539974
JOHOR,PPD SEGAMAT,JBC7009,SEKOLAH JENIS KEBANGSAAN (CINA) JAGOH,昔加末太子城雅格华小,JALAN PUTRA 1/5 BANDAR PUTRA SEGAMAT,85000,SEGAMAT,1/1/1946,102.8697265,2.496937085
JOHOR,PPD SEGAMAT,JBC7010,SEKOLAH JENIS KEBANGSAAN (CINA) LI CHI,昔加末励志华小,KG.ABDULLAH,85000,SEGAMAT,1/1/1930,102.8260313,2.502982475
JOHOR,PPD SEGAMAT,JBC7011,SEKOLAH JENIS KEBANGSAAN (CINA) KASAP,昔加末佳什华小,BULOH KASAP,85000,SEGAMAT,1/1/1929,102.7665371,2.555217297
JOHOR,PPD SEGAMAT,JBC7012,SEKOLAH JENIS KEBANGSAAN (CINA) KARAS,拉美士加叻华小,SUNGAI KARAS,85300,LABIS,1/1/1945,103.0369756,2.355833114
JOHOR,PPD SEGAMAT,JBC7014,SEKOLAH JENIS KEBANGSAAN (CINA) LABIS,拉美士华小,LABIS,85300,LABIS,1/1/1952,103.0193696,2.388924692
JOHOR,PPD SEGAMAT,JBC7015,SEKOLAH JENIS KEBANGSAAN (CINA) SEG HWA,昔加末昔华华小,"1-3, JALAN MENTOL",85000,SEGAMAT,1/1/1918,102.8165027,2.508847804
JOHOR,PPD SEGAMAT,JBC7016,SEKOLAH JENIS KEBANGSAAN (CINA) BUKIT SIPUT,昔加末思朴华小,"JALAN ABDUL HAMID, BUKIT SIPUT",85000,SEGAMAT,1/1/1929,102.846035,2.485901067
JOHOR,PPD SEGAMAT,JBC7017,SEKOLAH JENIS KEBANGSAAN (CINA) KAMPUNG TENGAH,昔加末登雅华小,"JALAN TAN AK, KAMPUNG TENGAH",85000,SEGAMAT,1/1/1951,102.8265408,2.532273094
JOHOR,PPD SEGAMAT,JBC7018,SEKOLAH JENIS KEBANGSAAN (CINA) TENANG,拉美士登能华小,PEKAN AIR PANAS,85300,LABIS,1/1/1937,103.0528005,2.470442
JOHOR,PPD SEGAMAT,JBC7019,SEKOLAH JENIS KEBANGSAAN (CINA) TAMBANG,昔加末东猛华小,"TAMBANG BATU 7, BATU ANAM",85100,SEGAMAT,11/7/1955,102.7422615,2.636028177
JOHOR,PPD SEGAMAT,JBC7020,SEKOLAH JENIS KEBANGSAAN (CINA) TUA OOH,昔加末大禹华小,LADANG CHUAN MOH SAN,85000,SEGAMAT,1/1/1954,102.9074806,2.467199414
JOHOR,PPD SEGAMAT,JBC7022,SEKOLAH JENIS KEBANGSAAN (CINA) JEMENTAH (2),利民达华小(二)校,JLN. PADANG,85200,JEMENTAH,1/1/1973,102.6845947,2.437053122
JOHOR,PPD KULAI,JBC8001,SEKOLAH JENIS KEBANGSAAN (CINA) BATU,古来柏图华小,BUKIT BATU,81020,KULAI,1/1/1946,103.4430727,1.734192465
JOHOR,PPD KULAI,JBC8002,SEKOLAH JENIS KEBANGSAAN (CINA) BEMBAN,古来万邦华小,AIR BEMBAN,81020,KULAI,10/10/1940,103.4854516,1.698592921
JOHOR,PPD KULAI,JBC8003,SEKOLAH JENIS KEBANGSAAN (CINA) SAWIT,古来四维华小,KELAPA SAWIT,81030,KULAI,1/1/1946,103.5314173,1.672051406
JOHOR,PPD KULAI,JBC8004,SEKOLAH JENIS KEBANGSAAN (CINA) SEDENAK,士年纳华小,KG BAHRU SEDENAK,81010,KULAI,1/1/1955,103.5294324,1.711972222
JOHOR,PPD KULAI,JBC8005,SEKOLAH JENIS KEBANGSAAN (CINA) SENGKANG,古来新港华小,KAMPUNG BARU SENGKANG,81000,KULAI,1/1/1938,103.5726067,1.688109764
JOHOR,PPD KULAI,JBC8009,SEKOLAH JENIS KEBANGSAAN (CINA) KULAI 1,古来华小(一)校,JALAN SEKOLAH CINA,81000,KULAI,1/1/1948,103.601836,1.657899481
JOHOR,PPD KULAI,JBC8010,SEKOLAH JENIS KEBANGSAAN (CINA) KULAI 2,古来华小(二)校,"JALAN PERSIARAN 6, BDR INDAHPURA",81000,KULAI,1/1/1968,103.6137502,1.619007403
JOHOR,PPD KULAI,JBC8012,SEKOLAH JENIS KEBANGSAAN (CINA) SALENG,士乃沙令华小,"JALAN SALENG 4, KAMPUNG BARU SALENG",81400,SENAI,1/1/1952,103.6361086,1.629373475
JOHOR,PPD KULAI,JBC8013,SEKOLAH JENIS KEBANGSAAN (CINA) SEELONG,士乃泗隆华小,KG BARU SEELONG,81410,SENAI,1/1/1947,103.6960606,1.629162051
JOHOR,PPD KULAI,JBC8014,SEKOLAH JENIS KEBANGSAAN (CINA) SENAI,士乃华小,LORONG 2,81400,SENAI,1/1/1953,103.6455056,1.600621344
JOHOR,PPD KULAI,JBC8015,SEKOLAH JENIS KEBANGSAAN (CINA) KULAI BESAR,大古来华小,"JLN SAGA, TMN KOTA KULAI",81000,KULAI,3/1/2001,103.5810818,1.666730842
JOHOR,PPD KULAI,JBC8016,SEKOLAH JENIS KEBANGSAAN (CINA) PEI CHENG,古来培正华小,JALAN PUTRA 3 BANDAR PUTRA,81000,KULAI,1/1/1937,103.6459797,1.674476589
JOHOR,PPD TANGKAK,JBC9001,SEKOLAH JENIS KEBANGSAAN (CINA) BEKOH,东甲木阁新村华小,KAMPUNG BEKOH,84900,TANGKAK,1/1/1941,102.51857,2.35074
JOHOR,PPD TANGKAK,JBC9002,SEKOLAH JENIS KEBANGSAAN (CINA) CHIAN KUO,武吉甘密建国华小,JLN BESAR,84800,BUKIT GAMBIR,20/2/1945,102.65363,2.213448522
JOHOR,PPD TANGKAK,JBC9003,SEKOLAH JENIS KEBANGSAAN (CINA) CHI MING 1,东甲启明华小(一)校,JLN ONG SIONG,84900,TANGKAK,1/1/1954,102.5355776,2.27242728
JOHOR,PPD TANGKAK,JBC9004,SEKOLAH JENIS KEBANGSAAN (CINA) KUNG YU,坤兰乌汝公孺华小,KG KUNDANG ULU,84710,TANGKAK,1/1/1927,102.767054,2.235369
JOHOR,PPD TANGKAK,JBC9005,SEKOLAH JENIS KEBANGSAAN (CINA) CHIN JU,实廊真如华小,SEROM 7,84410,SEROM,1/7/1937,102.602913,2.1771
JOHOR,PPD TANGKAK,JBC9006,SEKOLAH JENIS KEBANGSAAN (CINA) CHUNG HWA,双溪申洛中华华小,SUNGAI SENDOK,84400,SUNGAI MATI,1/1/1925,102.5571048,2.124900519
JOHOR,PPD TANGKAK,JBC9007,SEKOLAH JENIS KEBANGSAAN (CINA) CHUNG HWA,实廊中华华小,"SEROM 3 , JLN PANGGONG",84410,SEROM,1/1/1920,102.5859951,2.162478797
JOHOR,PPD TANGKAK,JBC9008,SEKOLAH JENIS KEBANGSAAN (CINA) CHUNG HWA,文林望中华华小,SUNGAI MATI,84400,Tangkak,1/1/1949,102.6165656,2.150568926
JOHOR,PPD TANGKAK,JBC9009,SEKOLAH JENIS KEBANGSAAN (CINA) CHUNG HWA,阿沙汉中华华小,JLN SIALANG,77100,ASAHAN,1/1/1915,102.5438225,2.39138522
JOHOR,PPD TANGKAK,JBC9011,SEKOLAH JENIS KEBANGSAAN (CINA) KOK BENG,新港国民华小,"BT.19, SENGKANG BUKIT GAMBIR",84800,BUKIT GAMBIR,1/1/1939,102.6811747,2.262426219
JOHOR,PPD TANGKAK,JBC9012,SEKOLAH JENIS KEBANGSAAN (CINA) CHI MING (2),东甲启民华小(二)校,JLN PAYAMAS,84900,TANGKAK,3/2/1918,102.5428978,2.27175893
JOHOR,PPD TANGKAK,JBC9013,SEKOLAH JENIS KEBANGSAAN (CINA) NAN HWA,武吉港脚南华华小,BUKIT KANGKAR,84400,SUNGAI MATI,7/7/1938,102.5569163,2.171319058
JOHOR,PPD TANGKAK,JBC9014,SEKOLAH JENIS KEBANGSAAN (CINA) PEI ENG,玉射培英华小,GRISEK,84700,GRISEK,1/1/1917,102.70637,2.20898
JOHOR,PPD TANGKAK,JBC9015,SEKOLAH JENIS KEBANGSAAN (CINA) PEI HWA,利丰港培华华小,"JALAN SEROM ,SUNGAI MATI",84400,TANGKAK,1/1/1929,102.5639847,2.146628742
JOHOR,PPD TANGKAK,JBC9016,SEKOLAH JENIS KEBANGSAAN (CINA) PUI NAN,巴力文莪培南华小,"BT 2, PARIT BUNGA",84000,TANGKAK,1/1/1935,102.5508484,2.077489272
JOHOR,PPD TANGKAK,JBC9017,SEKOLAH JENIS KEBANGSAAN (CINA) SAN YU,新邦里马三育华小,"TL. 208, SIMPANG LIMA",84800,BUKIT GAMBIR,5/2/1931,102.630796,2.19461
JOHOR,PPD TANGKAK,JBC9018,SEKOLAH JENIS KEBANGSAAN (CINA) CHEE CHUIN,砂益启群华小,KG BARU SAGIL,84020,SAGIL,1/1/1930,102.614134,2.30865
JOHOR,PPD TANGKAK,JBC9019,SEKOLAH JENIS KEBANGSAAN (CINA) LIAN HWA,利民达莲花华小,KG TERATAI,85200,JEMENTAH,1/1/1968,102.723426,2.336496309
JOHOR,PPD TANGKAK,JBC9020,SEKOLAH JENIS KEBANGSAAN (CINA) KEBUN BAHRU,利民达居本峇鲁华小,KEBUN BAHRU,85200,JEMENTAH,30/6/1950,102.684159,2.393742
JOHOR,PPD TANGKAK,JBC9021,SEKOLAH JENIS KEBANGSAAN (CINA) KHAY HIAN,实廊启贤华小,PARIT ZING,84410,SEROM,6/2/1928,102.61922,2.187089
KEDAH,PPD BALING,KBC0040,SEKOLAH JENIS KEBANGSAAN (CINA) CHIN HWA,华玲振华华小,PEKAN KUALA PEGANG,9110,BALING,1/1/1936,100.8099099,5.635015863
KEDAH,PPD BALING,KBC0041,SEKOLAH JENIS KEBANGSAAN (CINA) KONG MIN,打活公民华小,TAWAR,9310,KUALA KETIL,1/1/1948,100.7736991,5.595070439
KEDAH,PPD BALING,KBC0042,SEKOLAH JENIS KEBANGSAAN (CINA) KAMPUNG LALANG,华玲甘榜拉兰华小,KAMPONG LALANG,9100,BALING,1/5/1954,100.8943342,5.790787848
KEDAH,PPD BALING,KBC0043,SEKOLAH JENIS KEBANGSAAN (CINA) KUALA KETIL,高拉吉底华小,JALAN BALING,9300,KUALA KETIL,1/1/1926,100.64935,5.60667
KEDAH,PPD BALING,KBC0044,SEKOLAH JENIS KEBANGSAAN (CINA) PENG MIN,基锐平民华小,KAMPUNG BARU KEJAI,9300,KUALA KETIL,1/1/1952,100.7294945,5.546872952
KEDAH,PPD BALING,KBC0045,SEKOLAH JENIS KEBANGSAAN (CINA) SENG YOK,居邦诚育华小,JALAN RAYA,9200,KUPANG,1/1/1920,100.8389528,5.635723213
KEDAH,PPD BALING,KBC0046,SEKOLAH JENIS KEBANGSAAN (CINA) YEOK CHEE,华玲育智华小,"109, JALAN MAHMUD",9100,BALING,15/6/1918,100.9159043,5.674496246
KEDAH,PPD KULIM/BANDAR BAHARU,KBC1019,SEKOLAH JENIS KEBANGSAAN (CINA) CHEONG CHEN,峇眼三目崇正华小,BAGAN SAMAK,34950,BANDAR BAHARU,1/10/1953,100.55995,5.0886
KEDAH,PPD KULIM/BANDAR BAHARU,KBC1020,SEKOLAH JENIS KEBANGSAAN (CINA) KWANG HWA SKI,双溪吉舌以列光华华小,SUNGAI KECIL ILIR,14300,NIBONG TEBAL,1/1/1923,100.5475436,5.17240819
KEDAH,PPD KULIM/BANDAR BAHARU,KBC1021,SEKOLAH JENIS KEBANGSAAN (CINA) KWANG HWA,万拉峇鲁光华华小,JALAN BAGAN SAMAK,34950,BANDAR BAHARU,1/1/1930,100.4961658,5.132588494
KEDAH,PPD KULIM/BANDAR BAHARU,KBC1022,SEKOLAH JENIS KEBANGSAAN (CINA) POAY CHAI,吕蒙文打培才华小,LUBOK BUNTAR,9800,SERDANG,1/1/1922,100.588837,5.138864
KEDAH,PPD KULIM/BANDAR BAHARU,KBC1023,SEKOLAH JENIS KEBANGSAAN (CINA) SERDANG,西岭华小,JALAN PECAH BATU,9800,SERDANG,1/1/1922,100.6156626,5.212631903
KEDAH,PPD KULIM/BANDAR BAHARU,KBC1024,SEKOLAH JENIS KEBANGSAAN (CINA) YEOK KHEONG,司南马育强华小,SELAMA,9810,SERDANG,1/1/1957,100.685079,5.232171
KEDAH,PPD KOTA SETAR,KBC2109,SEKOLAH JENIS KEBANGSAAN (CINA) BOON HWA,亚罗士打甘光暹文华华小,ALOR JANGGUS,6250,ALOR SETAR,1/1/1930,100.3047109,6.166820876
KEDAH,PPD KOTA SETAR,KBC2112,SEKOLAH JENIS KEBANGSAAN (CINA) CHENG YU,亚罗士打耕余华小,"KUAR JAWA, ALOR JANGGUS",6250,ALOR STAR,1/1/1946,100.2709079,6.177576098
KEDAH,PPD KOTA SETAR,KBC2113,SEKOLAH JENIS KEBANGSAAN (CINA) EIK CHOON,亚罗士打十字港益群华小,"KM10, SIMPANG EMPAT",6650,ALOR STAR,31/12/1925,100.378789,6.033295804
KEDAH,PPD KOTA SETAR,KBC2115,SEKOLAH JENIS KEBANGSAAN (CINA) KEAT HWA (K),亚罗士打吉华（K）校,JALAN KEAT HWA OFF JALAN PEREMBA,5150,ALOR STAR,1/1/1911,100.33778,6.103113786
KEDAH,PPD KOTA SETAR,KBC2116,SEKOLAH JENIS KEBANGSAAN (CINA) KEAT HWA (H),亚罗士打吉华（H）校,JALAN KAMPONG PERAK,5100,ALOR STAR,1/12/1958,100.36513,6.12171
KEDAH,PPD KOTA SETAR,KBC2117,SEKOLAH JENIS KEBANGSAAN (CINA) KEAT HWA (S),亚罗士打吉华（S）校,"KG BARU, JALAN ISTANA LAMA",5000,ALOR STAR,31/7/1912,100.3689681,6.122171202
KEDAH,PPD KOTA SETAR,KBC2118,SEKOLAH JENIS KEBANGSAAN (CINA) KEE CHEE,亚罗士打启智华小,JALAN LANGGAR,5460,ALOR STAR,1/1/1965,100.3853728,6.127167179
KEDAH,PPD KOTA SETAR,KBC2119,SEKOLAH JENIS KEBANGSAAN (CINA) LONG SEONG,亚罗士打农商华小,KUBANG ROTAN,6250,ALOR STAR,6/12/1931,100.3038101,6.139103097
KEDAH,PPD KOTA SETAR,KBC2121,SEKOLAH JENIS KEBANGSAAN (CINA) LONG CHUAN,亚罗士打默贡农村华小,MERGONG,5150,ALOR SETAR,31/12/1946,100.3523263,6.124523288
KEDAH,PPD KOTA SETAR,KBC2122,SEKOLAH JENIS KEBANGSAAN (CINA) MIN SIN,竹城明新华小,KOTA SARANG SEMUT,6800,ALOR SETAR,1/1/1927,100.4025854,5.973879872
KEDAH,PPD KOTA SETAR,KBC2123,SEKOLAH JENIS KEBANGSAAN (CINA) NAN KWANG,打惹南光华小,TAJAR,6500,ALOR SETAR,1/1/1948,100.4292119,6.101684135
KEDAH,PPD KOTA SETAR,KBC2124,SEKOLAH JENIS KEBANGSAAN (CINA) PUMPONG,亚罗士打滂滂华小,JALAN SUKA MENANTI,5150,ALOR STAR,1/1/1929,100.3641897,6.145187028
KEDAH,PPD KOTA SETAR,KBC2125,SEKOLAH JENIS KEBANGSAAN (CINA) PENG MIN,亚罗士打平民华小,SIMPANG KUALA,5400,ALOR STAR,1/1/1938,100.3658098,6.094966219
KEDAH,PPD KOTA SETAR,KBC2126,SEKOLAH JENIS KEBANGSAAN (CINA) PEI HWA,吉打港口路培华华小,"KM5, JALAN KUALA KEDAH",5400,ALOR SETAR,1/6/1937,100.3428144,6.09544617
KEDAH,PPD KOTA SETAR,KBC2127,SEKOLAH JENIS KEBANGSAAN (CINA) PEI SHIH,吉打港口佩实华小,KUALA KEDAH,6600,ALOR STAR,30/1/1930,100.2930361,6.103663389
KEDAH,PPD KOTA SETAR,KBC2128,SEKOLAH JENIS KEBANGSAAN (CINA) SOON JIAN,安南武吉循然华小,ANAK BUKIT,6550,ALOR SETAR,17/10/1934,100.375283,6.181426141
KEDAH,PPD KOTA SETAR,KBC2129,SEKOLAH JENIS KEBANGSAAN (CINA) SOON CHENG,武吉槟榔循正华小,BUKIT PINANG,6200,ALOR STAR,1/1/1946,100.4293156,6.201398689
KEDAH,PPD KOTA SETAR,KBC2130,SEKOLAH JENIS KEBANGSAAN (CINA) SIN MIN,亚罗士打新民华小,LEBUHRAYA SULTAN ABDUL HALIM,5400,ALOR STAR,1/1/1935,100.3633225,6.102280027
KEDAH,PPD KOTA SETAR,KBC2132,SEKOLAH JENIS KEBANGSAAN (CINA) TAI CHONG,亚罗士打大众华小,PEKAN LANGGAR,6500,ALOR STAR,10/6/1957,100.4327229,6.146198743
KEDAH,PPD KOTA SETAR,KBC2133,SEKOLAH JENIS KEBANGSAAN (CINA) YIH MIN,亚罗士打十字港益民华小,SIMPANG EMPAT,6650,ALOR SETAR,1/1/1965,100.3834426,6.022600033
KEDAH,PPD KOTA SETAR,KBC2135,SEKOLAH JENIS KEBANGSAAN (CINA) YIH CHOON,亚罗士打象屿益群华小,GUNUNG KERIANG,6570,ALOR STAR,1/1/1936,100.3376365,6.190731439
KEDAH,PPD KUALA MUDA,KBC3058,SEKOLAH JENIS KEBANGSAAN (CINA) CHING CHONG,吉中新文英振中华小,SEMELING,8100,BEDONG,1/1/1911,100.471656,5.705282
KEDAH,PPD KUALA MUDA,KBC3059,SEKOLAH JENIS KEBANGSAAN (CINA) CHOONG CHENG,吉中班茶崇正华小,TANJUNG DAWAI,8110,BEDONG,1/1/1919,100.363685,5.682041
KEDAH,PPD YAN,KBC3060,SEKOLAH JENIS KEBANGSAAN (CINA) CHOONG HWA,吉中峨仑中华华小,TAMAN GURUN JAYA,8300,GURUN,1/1/1922,100.473259,5.817651
KEDAH,PPD KUALA MUDA,KBC3061,SEKOLAH JENIS KEBANGSAAN (CINA) CHUNG HWA,双溪拉兰中华华小,SUNGAILALANG,8100,BEDONG,2/6/1928,100.515994,5.701079
KEDAH,PPD KUALA MUDA,KBC3062,SEKOLAH JENIS KEBANGSAAN (CINA) FUH SUN,武吉士南卯富山华小,BUKIT SELAMBAU,8010,SUNGAI PETANI,1/1/1953,100.633112,5.682969
KEDAH,PPD KUALA MUDA,KBC3063,SEKOLAH JENIS KEBANGSAAN (CINA) HOON BONG,高打瓜拉姆拉训蒙华小,KOTA KUALA MUDA,8500,KOTA KUALA MUDA,1/1/1958,100.373071,5.586456
KEDAH,PPD YAN,KBC3064,SEKOLAH JENIS KEBANGSAAN (CINA) JENIANG,吉中仁岭华小,PEKAN JENIANG,8700,GURUN,1/1/1968,100.626254,5.816268
KEDAH,PPD KUALA MUDA,KBC3065,SEKOLAH JENIS KEBANGSAAN (CINA) MIN TERK,双溪大年明德华小,"BT 2, JALAN KUALA KETIL",8000,SUNGAI PETANI,1/1/1939,100.514474,5.635871
KEDAH,PPD YAN,KBC3066,SEKOLAH JENIS KEBANGSAAN (CINA) MAH WAH,巴东伦武马华华小,PADANG LEMBU,8330,GURUN,1/1/1948,100.535725,5.844329
KEDAH,PPD YAN,KBC3067,SEKOLAH JENIS KEBANGSAAN (CINA) SIN KUO MIN,美农新国民华小,BEDONG,8100,BEDONG,1/1/1927,100.508285,5.728211
KEDAH,PPD KUALA MUDA,KBC3068,SEKOLAH JENIS KEBANGSAAN (CINA) PENG MIN,知甘峇都平民华小,TIKAM BATU,8600,TIKAM BATU,1/1/1928,100.443718,5.588239
KEDAH,PPD KUALA MUDA,KBC3069,SEKOLAH JENIS KEBANGSAAN (CINA) SIN KWANG,双溪大年新光华小,BAKAR ARANG,8000,SUNGAI PETANI,1/1/1954,100.4821178,5.627508222
KEDAH,PPD KUALA MUDA,KBC3070,SEKOLAH JENIS KEBANGSAAN (CINA) SIN MIN 'A',双溪大年新民华小 A 校,JALAN PEGAWAI,8000,SUNGAI PETANI,1/1/1960,100.48644,5.65311
KEDAH,PPD KUALA MUDA,KBC3071,SEKOLAH JENIS KEBANGSAAN (CINA) SIN MIN 'B',双溪大年新民华小 B 校,JALAN PEGAWAI,8000,SG.PETANI,1/1/1960,100.48642,5.65309
KEDAH,PPD KUALA MUDA,KBC3072,SEKOLAH JENIS KEBANGSAAN (CINA) SIN HWA,马莫新华华小,MERBOK,8400,MERBOK,1/1/1929,100.4129255,5.720694355
KEDAH,PPD KUALA MUDA,KBC3073,SEKOLAH JENIS KEBANGSAAN (CINA) TAI TONG,双溪大年大同华小,TAMAN KEMPAS,8000,SUNGAI PETANI,1/1/1931,100.47877,5.594505
KEDAH,PPD KUALA MUDA,KBC3104,SEKOLAH JENIS KEBANGSAAN (CINA) PEKAN LAMA,双溪大年老街场华小,JALAN BAKAR SAMPAH,8000,SUNGAI PETANI,1/1/1972,100.500016,5.638511
KEDAH,PPD KUALA MUDA,KBC3105,SEKOLAH JENIS KEBANGSAAN (CINA) LIN KHAY,双溪大年临溪华小,BANDAR SERI ASTANA,8000,SUNGAI PETANI,1/1/1939,100.51726,5.59277
KEDAH,PPD KUALA MUDA,KBC3106,SEKOLAH JENIS KEBANGSAAN (CINA) POI CHEE,双溪大年培智华小,"No.353, JALAN SP SAUJANA PERMAI 1/4, TAMAN SP SAUJANA PERMAI",8000,SUNGAI PETANI,1/1/1954,100.5398689,5.676813213
KEDAH,PPD KUBANG PASU,KBC4042,SEKOLAH JENIS KEBANGSAAN (CINA) CHUNG HWA,日得拉中华华小,JALAN DATO' OSMAN AROF,6000,JITRA,1/1/1916,100.4224574,6.264817655
KEDAH,PPD KUBANG PASU,KBC4043,SEKOLAH JENIS KEBANGSAAN (CINA) CHOONG HWA,高岭中华华小,JALAN CHANGLUN,6100,KODIANG,1/1/1934,100.3053541,6.394532623
KEDAH,PPD KUBANG PASU,KBC4044,SEKOLAH JENIS KEBANGSAAN (CINA) CHEE NAN,尤仑指南华小,"KM 15, JALAN PUTRA",6150,AYER HITAM,1/1/1932,100.2760738,6.205334381
KEDAH,PPD KUBANG PASU,KBC4045,SEKOLAH JENIS KEBANGSAAN (CINA) HWA MIN,端影华民华小,PEKAN TUNJANG,6000,JITRA,2/2/1935,100.3764453,6.286507153
KEDAH,PPD KUBANG PASU,KBC4046,SEKOLAH JENIS KEBANGSAAN (CINA) LAM MIN,甲板南民华小,KERPAN,6150,AYER HITAM,1/1/1930,100.2277851,6.25828289
KEDAH,PPD KUBANG PASU,KBC4047,SEKOLAH JENIS KEBANGSAAN (CINA) PEI MIN,巴东昔拉培民华小,PADANG SERA,6100,KODIANG,1/1/1933,100.3361001,6.358096243
KEDAH,PPD KUBANG PASU,KBC4048,SEKOLAH JENIS KEBANGSAAN (CINA) YIT MIN,樟仑育民华小,"PEKAN BARU, JALAN KODIANG",6010,CHANGLUN,1/1/1921,100.427286,6.433104264
KEDAH,PPD KUBANG PASU,KBC4049,SEKOLAH JENIS KEBANGSAAN (CINA) YUH MIN,亚依淡育民华小,JALAN PUTRA,6150,AYER HITAM,1/1/1953,100.2497836,6.234863037
KEDAH,PPD KULIM/BANDAR BAHARU,KBC5032,SEKOLAH JENIS KEBANGSAAN (CINA) AIK CHEE,居林麻不来益智华小,JALAN RAYA MERBAU PULAS,9300,KUALA KETIL,31/5/1926,100.6375308,5.562356868
KEDAH,PPD KULIM/BANDAR BAHARU,KBC5033,SEKOLAH JENIS KEBANGSAAN (CINA) CHIO MIN 'A',居林觉民华小 A 校,JALAN KELANG SAGO,9000,KULIM,10/5/1956,100.5498081,5.372756619
KEDAH,PPD KULIM/BANDAR BAHARU,KBC5034,SEKOLAH JENIS KEBANGSAAN (CINA) CHIO MIN 'B',居林觉民华小 B 校,JALAN KELANG SAGO,9000,KULIM,1/1/1957,100.5502626,5.373159964
KEDAH,PPD KULIM/BANDAR BAHARU,KBC5035,SEKOLAH JENIS KEBANGSAAN (CINA) CHONG CHENG,居林中正华小,JALAN TUNKU BENDAHARA,9000,KULIM,1/1/1946,100.554177,5.361611
KEDAH,PPD KULIM/BANDAR BAHARU,KBC5036,SEKOLAH JENIS KEBANGSAAN (CINA) HUA MIN,双溪加拉岸华民华小,PEKAN SUNGAI KARANGAN,9410,SUNGAI KARANGAN,1/1/1929,100.61601,5.52001
KEDAH,PPD KULIM/BANDAR BAHARU,KBC5037,SEKOLAH JENIS KEBANGSAAN (CINA) HWA MIN,鲁乃华民华小,JALAN SUNGAI,9600,LUNAS,1/1/1916,100.532027,5.427865
KEDAH,PPD KULIM/BANDAR BAHARU,KBC5038,SEKOLAH JENIS KEBANGSAAN (CINA) KHAI MIN,加拉岸开明华小,KARANGAN,9700,KARANGAN,7/12/1953,100.6665002,5.419699944
KEDAH,PPD KULIM/BANDAR BAHARU,KBC5039,SEKOLAH JENIS KEBANGSAAN (CINA) KONG MIN,双溪谷公民华小,"SG KOB, KARANGAN",9700,KARANGAN,1/1/1927,100.6425526,5.427091884
KEDAH,PPD KULIM/BANDAR BAHARU,KBC5040,SEKOLAH JENIS KEBANGSAAN (CINA) SIN MIN,居林三巴央新民华小,JUNJONG,9000,KULIM,1/1/1920,100.534247,5.299804
KEDAH,PPD KULIM/BANDAR BAHARU,KBC5041,SEKOLAH JENIS KEBANGSAAN (CINA) SIN TEONG MAHANG,居林麻坑新中华小,MAHANG,9500,KARANGAN,1/1/1950,100.7506243,5.323179948
KEDAH,PPD KULIM/BANDAR BAHARU,KBC5042,SEKOLAH JENIS KEBANGSAAN (CINA) SHANG CHENG,居林巴东色海尚正华小,S.J.K.( C) SHANG CHENG,9400,PADANG SERAI,1/1/1946,100.55503,5.51205
KEDAH,PPD KULIM/BANDAR BAHARU,KBC5043,SEKOLAH JENIS KEBANGSAAN (CINA) KELANG LAMA,居林老火较华小,JLN KELANG LAMA,9000,Kulim,1/1/1981,100.568818,5.389607
KEDAH,PPD LANGKAWI,KBC6017,SEKOLAH JENIS KEBANGSAAN (CINA) CHUNG HWA,浮罗交怡中华华小,KUAH,7000,LANGKAWI,1/1/1917,99.8272343,6.338633068
KEDAH,PPD LANGKAWI,KBC6018,SEKOLAH JENIS KEBANGSAAN (CINA) MIN NAM,浮罗交怡明南华小,KUALA TERIANG,7000,LANGKAWI,1/1/1926,99.71428214,6.364710785
KEDAH,PPD PADANG TERAP,KBC7019,SEKOLAH JENIS KEBANGSAAN (CINA) KOU HUA,瓜拉尼浪高华华小,PEKAN KUALA NERANG,6300,KUALA NERANG,1/1/1960,100.6078541,6.256439219
KEDAH,PPD SIK,KBC8019,SEKOLAH JENIS KEBANGSAAN (CINA) CHUNG HWA,栖里中华华小,PEKAN SIK,8200,SIK,2/3/1923,100.746268,5.825821
KEDAH,PPD YAN,KBC9025,SEKOLAH JENIS KEBANGSAAN (CINA) AIK MIN,双溪里茂港外益民华小,"SIMPANG TIGA, SUNGAI LIMAU",6680,ALOR STAR,1/1/1929,100.426377,5.916018
KEDAH,PPD YAN,KBC9026,SEKOLAH JENIS KEBANGSAAN (CINA) CHUNG HWA,双溪铅中华华小,SUNGAI YAN,6900,YAN,1/1/1929,100.393385,5.831243
KEDAH,PPD YAN,KBC9027,SEKOLAH JENIS KEBANGSAAN (CINA) PEI ENG,吉中多伟培英华小,"JALAN YAN, BATU 21 1/4",6900,YAN,1/1/1933,100.430162,5.84639
KEDAH,PPD YAN,KBC9028,SEKOLAH JENIS KEBANGSAAN (CINA) PEI HWA,吉中十七碑培华华小,"BT 17, JALAN GURUN",8300,GURUN,1/1/1939,100.445316,5.884513
KEDAH,PPD YAN,KBC9029,SEKOLAH JENIS KEBANGSAAN (CINA) YUK MIN,双溪里茂港内育民华小,SUNGAI LIMAU DALAM,6910,YAN,1/1/1927,100.378131,5.899149
KEDAH,PPD YAN,KBC9030,SEKOLAH JENIS KEBANGSAAN (CINA) YANG KAO,莪占必叻仰高华小,GUAR CHEMPEDAK,8800,GUAR CHEMPEDAK,1/1/1960,100.457931,5.859187
KEDAH,PPD YAN,KBC9031,SEKOLAH JENIS KEBANGSAAN (CINA) YORK KHOON,大铅育群华小,JALAN PEGAWAI,6900,YAN,1/1/1918,100.373281,5.795725548
KEDAH,PPD PENDANG,KBCA110,SEKOLAH JENIS KEBANGSAAN (CINA) BOON TEIK,多旨文德华小,TOKAI,6660,ALOR STAR,1/1/1927,100.4069323,6.027622678
KEDAH,PPD PENDANG,KBCA114,SEKOLAH JENIS KEBANGSAAN (CINA) JUNUN,如嫩华小,BUKIT JENUN,6720,PENDANG,1/1/1932,100.4751333,5.902957172
KEDAH,PPD PENDANG,KBCA134,SEKOLAH JENIS KEBANGSAAN (CINA) YEANG CHENG,本同养正华小,"LOT 1569, MUKIM AYER PUTEH",6700,PENDANG,1/1/1923,100.4750441,5.991266349
KEDAH,PPD KOTA SETAR,KBCB001,SEKOLAH JENIS KEBANGSAAN (CINA) CHUNG HWA,伍佰廊中华华小,"KEBUN 500, JABI",6400,POKOK SENA,31/12/1958,100.4731592,6.141636323
KEDAH,PPD KOTA SETAR,KBCB002,SEKOLAH JENIS KEBANGSAAN (CINA) TONG YUH,波各先那同育华小,POKOK SENA,6400,POKOK SENA,28/8/1929,100.5198155,6.168124317
MELAKA,PPD ALOR GAJAH,MBC0046,SEKOLAH JENIS KEBANGSAAN (CINA) PAY CHEE,普罗士邦培智华小,PULAU SEBANG,73000,TAMPIN POS,11/12/1928,102.2281843,2.466335551
MELAKA,PPD ALOR GAJAH,MBC0047,SEKOLAH JENIS KEBANGSAAN (CINA) ALOR GAJAH,亚罗牙也华小,ALOR GAJAH,78000,ALOR GAJAH,1/1/1931,102.2074078,2.385286485
MELAKA,PPD ALOR GAJAH,MBC0048,SEKOLAH JENIS KEBANGSAAN (CINA) SANN YUH,新邦安拔三育华小,SIMPANG AMPAT,78000,ALOR GAJAH,1/1/1911,102.1782525,2.43668054
MELAKA,PPD ALOR GAJAH,MBC0049,SEKOLAH JENIS KEBANGSAAN (CINA) PENG MIN,牙力平民华小,GADEK,78000,ALOR GAJAH,1/1/1924,102.2488991,2.408519649
MELAKA,PPD ALOR GAJAH,MBC0050,SEKOLAH JENIS KEBANGSAAN (CINA) SIN WAH,榴连洞葛新华华小,DURIAN TUNGGAL,76100,DURIAN TUNGGAL,1/1/1946,102.281966,2.311274965
MELAKA,PPD ALOR GAJAH,MBC0051,SEKOLAH JENIS KEBANGSAAN (CINA) KIOW MIN,文庙侨民华小,REMBIA,78000,ALOR GAJAH,31/12/1930,102.208,2.32859
MELAKA,PPD ALOR GAJAH,MBC0052,SEKOLAH JENIS KEBANGSAAN (CINA) MACHAP BARU,马接峇鲁华小,KG. MACHAP BARU,76100,DURIAN TUNGGAL,1/1/1950,102.328,2.38001
MELAKA,PPD ALOR GAJAH,MBC0053,SEKOLAH JENIS KEBANGSAAN (CINA) MACHAP UMBOO,马接翁武华小,MACHAP UMBOO,78000,ALOR GAJAH,31/12/1977,102.2778619,2.381041174
MELAKA,PPD ALOR GAJAH,MBC0054,SEKOLAH JENIS KEBANGSAAN (CINA) TABOH NANING,打波能宁华小,KG BARU TABOH NANING,78000,ALOR GAJAH,1/1/1946,102.186429,2.480732
MELAKA,PPD ALOR GAJAH,MBC0055,SEKOLAH JENIS KEBANGSAAN (CINA) LENDU,林鲁新村华小,KG BARU LENDU,78000,ALOR GAJAH,1/11/1951,102.1727008,2.358372907
MELAKA,PPD ALOR GAJAH,MBC0056,SEKOLAH JENIS KEBANGSAAN (CINA) KHIAK YEW,直望启牖华小,TEBONG,76460,ALOR GAJAH,1/1/1935,102.342,2.4477
MELAKA,PPD ALOR GAJAH,MBC0057,SEKOLAH JENIS KEBANGSAAN (CINA) MASJID TANAH,马士丹那华小,MASJID TANAH,78300,MASJID TANAH,1/1/1923,102.104,2.34464
MELAKA,PPD ALOR GAJAH,MBC0058,SEKOLAH JENIS KEBANGSAAN (CINA) YOK SIN,瓜拉育新华小,KUALA SUNGAI BARU,78200,KUALA SUNGAI BARU,1/1/1925,102.0380953,2.361141519
MELAKA,PPD ALOR GAJAH,MBC0059,SEKOLAH JENIS KEBANGSAAN (CINA) PAYA MENGKUANG,巴也明光华小,KAMPUNG PAYA MENGKUANG,78300,MASJID TANAH,1/1/1950,102.068084,2.345904
MELAKA,PPD ALOR GAJAH,MBC0060,SEKOLAH JENIS KEBANGSAAN (CINA) SIN MIN,罗目支那新民华小,LUBOK CHINA,78100,LUBOK CHINA,5/10/1931,102.0708884,2.44602618
MELAKA,PPD ALOR GAJAH,MBC0061,SEKOLAH JENIS KEBANGSAAN (CINA) CHABAU,招茂华小,TAMAN ANGKASA NURI DURIAN TUNGGAL,76100,DURIAN TUNGGAL,1/1/1946,102.249314,2.278856
MELAKA,PPD JASIN,MBC1032,SEKOLAH JENIS KEBANGSAAN (CINA) KUANG HWA,野新光华华小,"BATU 9, UMBAI",77300,MERLIMAU,1/1/1932,102.3595668,2.14950942
MELAKA,PPD JASIN,MBC1033,SEKOLAH JENIS KEBANGSAAN (CINA) YU HSIEN,野新育贤华小,JALAN RIM,77000,JASIN,1/1/1928,102.433772,2.314588
MELAKA,PPD JASIN,MBC1034,SEKOLAH JENIS KEBANGSAAN (CINA) CHUNG HWA,双溪南眉中华华小,SUNGAI RAMBAI,77400,SUNGAI RAMBAI,15/2/1930,102.4899423,2.125281298
MELAKA,PPD JASIN,MBC1035,SEKOLAH JENIS KEBANGSAAN (CINA) KIOW NAM,巴登马六甲侨南华小,BATANG MELAKA,77500,SELANDAR,1/1/1926,102.42,2.47238
MELAKA,PPD JASIN,MBC1036,SEKOLAH JENIS KEBANGSAAN (CINA) PAY MIN,万里茂巴西培民华小,KG. BATU GAJAH PASIR,77300,MERLIMAU,1/1/1938,102.474924,2.155162
MELAKA,PPD JASIN,MBC1037,SEKOLAH JENIS KEBANGSAAN (CINA) MERLIMAU,万里茂华小,JALAN MELAKA,77300,MERLIMAU,1/1/1952,102.424493,2.145836
MELAKA,PPD JASIN,MBC1038,SEKOLAH JENIS KEBANGSAAN (CINA) CHIAO CHEE,士兰道侨智华小,JALAN JASIN,77500,SELANDAR,1/1/1940,102.379651,2.388907
MELAKA,PPD JASIN,MBC1039,SEKOLAH JENIS KEBANGSAAN (CINA) JASIN LALANG,野新拉浪华小,"BT 15 , AIR MERBAU",77200,JASIN,1/1/1953,102.398259,2.276537
MELAKA,PPD JASIN,MBC1040,SEKOLAH JENIS KEBANGSAAN (CINA) PAY CHIAO,望万培侨华小,BEMBAN,77200,MELAKA,1/1/1954,102.376,2.26896
MELAKA,PPD JASIN,MBC1041,SEKOLAH JENIS KEBANGSAAN (CINA) ON LOK,野新安乐华小,KG BARU ON LOK,77500,SELANDAR,1/1/1949,102.384,2.47105
MELAKA,PPD JASIN,MBC1042,SEKOLAH JENIS KEBANGSAAN (CINA) PAY YAP,野新培业华小,KESANG PAJAK,77000,JASIN,20/2/1954,102.371243,2.327547
MELAKA,PPD JASIN,MBC1043,SEKOLAH JENIS KEBANGSAAN (CINA) PAY CHUIN,武吉加东培群华小,"BT 21 BUKIT KATONG, RIM",77000,JASIN,1/1/1938,102.456225,2.317025
MELAKA,PPD JASIN,MBC1044,SEKOLAH JENIS KEBANGSAAN (CINA) PARIT KELILING,巴利吉利令华小,KAMPUNG BARU PARIT KELILING,77100,JASIN,1/1/1951,102.501,2.36112
MELAKA,PPD JASIN,MBC1045,SEKOLAH JENIS KEBANGSAAN (CINA) PONDOK BATANG,冯鹿巴登华小,KAMPUNG MAJU PONDOK BATANG,77100,ASAHAN,1/1/1937,102.509201,2.383952
MELAKA,PPD JASIN,MBC1046,SEKOLAH JENIS KEBANGSAAN (CINA) SIMPANG BEKOH,新邦木阁华小,ASAHAN POS,77100,ASAHAN,2/1/1928,102.5116778,2.359115485
MELAKA,PPD JASIN,MBC1048,SEKOLAH JENIS KEBANGSAAN (CINA) TOON HUA,岭叻敦化华小,NYALAS,77100,ASAHAN,1/1/1934,102.470272,2.435974
MELAKA,PPD JASIN,MBC1049,SEKOLAH JENIS KEBANGSAAN (CINA) SHUH YEN,野新树人华小,"TEHEL, BEMBAN",77200,JASIN,5/1/1947,102.348543,2.232811516
MELAKA,PPD JASIN,MBC1050,SEKOLAH JENIS KEBANGSAAN (CINA) PAY HSIEN,野新培贤华小,CHIN CHIN,77000,JASIN,29/6/1961,102.4848873,2.285732725
MELAKA,PPD JASIN,MBC1051,SEKOLAH JENIS KEBANGSAAN (CINA) KEMENDOR,甘文路华小,"FELDA KEMENDOR, KEMENDOR",77000,JASIN,2/4/1979,102.410619,2.352794
MELAKA,PPD MELAKA TENGAH,MBC2053,SEKOLAH JENIS KEBANGSAAN (CINA) PAY FONG 1,培风华小一校,"LOT 9245 JALAN KJ2, TAMAN KRUBONG JAYA",75260,MELAKA,7/7/1913,102.245281,2.29741
MELAKA,PPD MELAKA TENGAH,MBC2054,SEKOLAH JENIS KEBANGSAAN (CINA) PAY FONG 2,培风华小二校,"225,JLN PARAMESWARA",75000,MELAKA,1/1/1938,102.2594889,2.1906888
MELAKA,PPD MELAKA TENGAH,MBC2055,SEKOLAH JENIS KEBANGSAAN (CINA) PAY FONG 3,培风华小三校,"NO. 60, JALAN PUTERI HANG LI POH",75100,MELAKA,1/1/1949,102.256,2.19658
MELAKA,PPD MELAKA TENGAH,MBC2056,SEKOLAH JENIS KEBANGSAAN (CINA) PAY TECK,培德华小,"45,KG TIGA",75200,MELAKA,7/5/1917,102.246175,2.199277
MELAKA,PPD MELAKA TENGAH,MBC2057,SEKOLAH JENIS KEBANGSAAN (CINA) PING MING,平民华小,"78,JLN TUN SRI LANANG",75100,MELAKA,16/4/1922,102.2530201,2.206231921
MELAKA,PPD MELAKA TENGAH,MBC2058,SEKOLAH JENIS KEBANGSAAN (CINA) YOK BIN,育民华小,121 JALAN KUBU MELAKA,75300,MELAKA,29/11/1939,102.2462925,2.200364467
MELAKA,PPD MELAKA TENGAH,MBC2059,SEKOLAH JENIS KEBANGSAAN (CINA) CHUNG KUO,中国华小,310 JALAN TENGKERA,75200,MELAKA,20/4/1939,102.238,2.20296
MELAKA,PPD MELAKA TENGAH,MBC2060,SEKOLAH JENIS KEBANGSAAN (CINA) BACHANG,峇章华小,JALAN DATUK WIRA POH AH TIAM,75250,MELAKA,16/7/1936,102.2320258,2.220061356
MELAKA,PPD MELAKA TENGAH,MBC2061,SEKOLAH JENIS KEBANGSAAN (CINA) KATHOLIK,公教华小,"251, JLN GAJAH BERANG",75200,MELAKA,1/1/1928,102.242405,2.206713
MELAKA,PPD MELAKA TENGAH,MBC2062,SEKOLAH JENIS KEBANGSAAN (CINA) SIANG LIN,香林华小,"67,JALAN DURIAN DAUN",75400,MELAKA,15/1/1951,102.2572788,2.20488065
MELAKA,PPD MELAKA TENGAH,MBC2063,SEKOLAH JENIS KEBANGSAAN (CINA) NOTRE DAME,圣母华小,263 JALAN GAJAH BERANG,75200,MELAKA,1/1/1958,102.2425922,2.207033156
MELAKA,PPD MELAKA TENGAH,MBC2064,SEKOLAH JENIS KEBANGSAAN (CINA) EK TE,丹绒吉宁益智华小,"KM12 , LEREH ,TANJONG KLING",76400,MELAKA,1/1/1921,102.1739667,2.222063461
MELAKA,PPD MELAKA TENGAH,MBC2065,SEKOLAH JENIS KEBANGSAAN (CINA) YING CHYE,武吉南眉英才华小,BUKIT RAMBAI,75250,MELAKA,20/10/1945,102.181156,2.253167855
MELAKA,PPD MELAKA TENGAH,MBC2066,SEKOLAH JENIS KEBANGSAAN (CINA) YU YING,士马木育英华小,"JLN BKT GODEK, SEMABOK",75050,MELAKA,1/10/1946,102.2829978,2.202948061
MELAKA,PPD MELAKA TENGAH,MBC2067,SEKOLAH JENIS KEBANGSAAN (CINA) TING HWA,浮罗加东鼎华华小,JALAN PULAU GADONG,75200,MELAKA,1/1/1937,102.2133632,2.241541064
MELAKA,PPD MELAKA TENGAH,MBC2068,SEKOLAH JENIS KEBANGSAAN (CINA) WEN HUA,峇株安南文化华小,BATU BERENDAM,75350,MELAKA,1/1/1936,102.2554607,2.24862156
MELAKA,PPD MELAKA TENGAH,MBC2069,SEKOLAH JENIS KEBANGSAAN (CINA) KEH SENG,革成华小,BUKIT BARU,75150,MELAKA,1/1/1949,102.2697752,2.216579778
MELAKA,PPD MELAKA TENGAH,MBC2070,SEKOLAH JENIS KEBANGSAAN (CINA) POH LAN,宝兰华小,"TANGGA BATU, TANJONG KLING",76400,MELAKA,1/1/1922,102.1542948,2.248589552
MELAKA,PPD MELAKA TENGAH,MBC2071,SEKOLAH JENIS KEBANGSAAN (CINA) LIH JEN,波格芒茄立人华小,JALAN POKOK MANGGA,75200,MELAKA,1/1/1939,102.2186764,2.214904651
MELAKA,PPD MELAKA TENGAH,MBC2072,SEKOLAH JENIS KEBANGSAAN (CINA) KUANG YAH,直落垵光亚华小,TELOK MAS,75460,MELAKA,14/3/1931,102.3171904,2.172503077
MELAKA,PPD MELAKA TENGAH,MBC2073,SEKOLAH JENIS KEBANGSAAN (CINA) PAY HWA,培华华小,PAYA RUMPUT,76450,MELAKA,1/1/1925,102.2158598,2.292527955
MELAKA,PPD MELAKA TENGAH,MBC2074,SEKOLAH JENIS KEBANGSAAN (CINA) ST MARY,圣玛利亚华小,AIR SALAK,75250,MELAKA,3/9/1929,102.166419,2.269589198
MELAKA,PPD MELAKA TENGAH,MBC2075,SEKOLAH JENIS KEBANGSAAN (CINA) BUKIT BERUANG,武吉波浪华小,BUKIT BERUANG,75450,MELAKA,11/1/1953,102.2793567,2.24092582
MELAKA,PPD MELAKA TENGAH,MBC2076,SEKOLAH JENIS KEBANGSAAN (CINA) CHENG,晋巷华小,"JALAN CHENG, CHENG",75250,MELAKA,1/1/1945,102.216353,2.263927612
MELAKA,PPD MELAKA TENGAH,MBC2077,SEKOLAH JENIS KEBANGSAAN (CINA) AYER KEROH,爱极乐华小,"JALAN LAMA AYER KEROH, KAMPUNG BARU AYER KEROH",75450,MELAKA,1/1/1947,102.2841673,2.264655598
MELAKA,PPD MELAKA TENGAH,MBC2078,SEKOLAH JENIS KEBANGSAAN (CINA) TIANG DUA,丁赖华小,KM 16 KG BARU TIANG DUA,75460,MELAKA,1/1/1953,102.3634158,2.213873295
MELAKA,PPD MELAKA TENGAH,MBC2079,SEKOLAH JENIS KEBANGSAAN (CINA) BERTAM ULU,巴淡芙露华小,BERTAM ULU,76450,MELAKA,1/1/1937,102.1931686,2.289246294
MELAKA,PPD MELAKA TENGAH,MBC2080,SEKOLAH JENIS KEBANGSAAN (CINA) SUNGAI UDANG,双溪于浪华小,SG UDANG,76300,MELAKA,1/1/1953,102.134954,2.282024832
MELAKA,PPD MELAKA TENGAH,MBC2081,SEKOLAH JENIS KEBANGSAAN (CINA) MALIM,玛琳华小,"BT.3 3/4, JALAN MALIM",75250,MELAKA,1/1/1950,102.2247654,2.238205591
MELAKA,PPD MELAKA TENGAH,MBC2082,SEKOLAH JENIS KEBANGSAAN (CINA) YU HWA,育华华小,"KM4, JALAN BACHANG",75350,MELAKA,1/1/1947,102.2413612,2.225906852
NEGERI SEMBILAN,PPD JEMPOL/JELEBU,NBC0017,SEKOLAH JENIS KEBANGSAAN (CINA) YUK HUA,瓜拉格拉旺育华华小,JALAN PERTANG,71600,KUALA KLAWANG,1/1/1926,102.0720969,2.939263551
NEGERI SEMBILAN,PPD JEMPOL/JELEBU,NBC0018,SEKOLAH JENIS KEBANGSAAN (CINA) CHUN YIN,知知港群英华小,PEKAN TITI,71650,TITI,1/1/1911,102.0795452,2.998680414
NEGERI SEMBILAN,PPD JEMPOL/JELEBU,NBC0019,SEKOLAH JENIS KEBANGSAAN (CINA) KG. BARU PETALING,古打灵新村华小,PEKAN PETALING,71600,KUALA KLAWANG,1/1/1957,102.0561753,2.949584631
NEGERI SEMBILAN,PPD JEMPOL/JELEBU,NBC0020,SEKOLAH JENIS KEBANGSAAN (CINA) KG BARU PERTANG,葫芦顶育侨华小,JALAN PERTANG,72300,SPG. PERTANG,1/1/1935,102.218,2.96032
NEGERI SEMBILAN,PPD JEMPOL/JELEBU,NBC0021,SEKOLAH JENIS KEBANGSAAN (CINA) SIMPANG PERTANG,新邦葫芦顶华小,JALAN SIMPANG PERTANG,72300,SIMPANG PERTANG,1/1/1951,102.2603318,2.942683307
NEGERI SEMBILAN,PPD JEMPOL/JELEBU,NBC0022,SEKOLAH JENIS KEBANGSAAN (CINA) KG BARU SUNGAI MUNTOH,双溪文都新村华小,"KG. BARU BT. 31, SG. MUNTOH, JELEBU",71650,TITI,4/7/1947,102.0810275,3.021354742
NEGERI SEMBILAN,PPD JEMPOL/JELEBU,NBC0023,SEKOLAH JENIS KEBANGSAAN (CINA) DURIAN TIPUS,留连知贝华小,SIMPANG DURIAN,72400,SIMPANG DURIAN,1/1/1947,102.216249,3.099657651
NEGERI SEMBILAN,PPD KUALA PILAH,NBC1047,SEKOLAH JENIS KEBANGSAAN (CINA) CHUNG HUA KUALA PILAH,瓜拉庇劳中华华小,KM 1 JALAN TAMPIN,72000,KUALA PILAH,19/10/1945,102.249288,2.734667
NEGERI SEMBILAN,PPD KUALA PILAH,NBC1048,SEKOLAH JENIS KEBANGSAAN (CINA) CHUNG HUA SENALING,新那灵中华华小,PEKAN SENALING,72000,KUALA PILAH,1/9/1946,102.253256,2.706088
NEGERI SEMBILAN,PPD KUALA PILAH,NBC1049,SEKOLAH JENIS KEBANGSAAN (CINA) CHUNG HUA TG IPOH,丹绒怡保中华华小,KM7 JALAN KUALA PILAH,71500,TANJONG IPOH,1/1/1951,102.1875966,2.739734303
NEGERI SEMBILAN,PPD KUALA PILAH,NBC1051,SEKOLAH JENIS KEBANGSAAN (CINA) YUK CHAI JOHOL,柔河育才华小,KM 23 JALAN TAMPIN,73100,JOHOL,1/1/1926,102.263153,2.597988
NEGERI SEMBILAN,PPD KUALA PILAH,NBC1052,SEKOLAH JENIS KEBANGSAAN (CINA) KG BARU BKT GELUGOR,武吉古鲁莪新村华小,KG. BARU BUKIT GELUGOR,72200,BATU KIKIR,1/1/1936,102.313592,2.802252
NEGERI SEMBILAN,PPD KUALA PILAH,NBC1053,SEKOLAH JENIS KEBANGSAAN (CINA) PEI CHUN DANGI,冷宜培群华小,PEKAN DANGI,73100,JOHOL,1/1/1927,102.3189864,2.644524634
NEGERI SEMBILAN,PPD KUALA PILAH,NBC1054,SEKOLAH JENIS KEBANGSAAN (CINA) KG BARU KEPIS,呷啤新村华小,"BATU 10, KEPIS",73100,JOHOL,1/1/1956,102.366,2.70559
NEGERI SEMBILAN,PPD KUALA PILAH,NBC1057,SEKOLAH JENIS KEBANGSAAN (CINA) YOKE HUA AIR MAWANG,亚依玛旺育华华小,KM 1 JALAN AIR MAWANG,73100,JOHOL,1/1/1959,102.2557964,2.558469349
NEGERI SEMBILAN,PPD KUALA PILAH,NBC1058,SEKOLAH JENIS KEBANGSAAN (CINA) YUK HUA JUASSEH,瓜西育华华小,JALAN KERETAPI LAMA JUASSEH,72500,JUASSEH,1/1/1934,102.298569,2.783249
NEGERI SEMBILAN,PPD PORT DICKSON,NBC2016,SEKOLAH JENIS KEBANGSAAN (CINA) CHUNG HUA PORT DICKSON,波德申中华华小,"KM 1, JALAN SEREMBAN",71000,PORT DICKSON,30/6/1914,101.793,2.52909
NEGERI SEMBILAN,PPD PORT DICKSON,NBC2017,SEKOLAH JENIS KEBANGSAAN (CINA) CHUNG HUA LUKUT,芦骨中华华小,KM6 JALAN SEREMBAN,71010,LUKUT,1/1/1930,101.828618,2.561558
NEGERI SEMBILAN,PPD PORT DICKSON,NBC2018,SEKOLAH JENIS KEBANGSAAN (CINA) CHUNG HWA TELOK KEMANG,直落甘望中华公学,"BATU 7, JALAN PANTAI, TELOK KEMANG",71050,SI RUSA,1/1/1936,101.857,2.46183
NEGERI SEMBILAN,PPD PORT DICKSON,NBC2019,SEKOLAH JENIS KEBANGSAAN (CINA) CHUNG HUA PASIR PANJANG,老港中华华小,JALAN BESAR PASIR PANJANG,71250,PASIR PANJANG,1/1/1915,101.933,2.42789
NEGERI SEMBILAN,PPD PORT DICKSON,NBC2020,SEKOLAH JENIS KEBANGSAAN (CINA) CHUNG PIN,宁宜中平华小,"KM3, JALAN BESAR LINGGI",71150,LINGGI,15/7/1947,102.003578,2.494036
NEGERI SEMBILAN,PPD PORT DICKSON,NBC2021,SEKOLAH JENIS KEBANGSAAN (CINA) YIK CHIAO,武吉不兰律益侨华小,PEKAN BUKIT PELANDOK,71960,PORT DICKSON,1/1/1940,101.743,2.64646
NEGERI SEMBILAN,PPD PORT DICKSON,NBC2022,SEKOLAH JENIS KEBANGSAAN (CINA) CHUAH,波德申朱湖华小,WAKIL POS CHUAH,71960,PORT DICKSON,1/1/1932,101.753708,2.610236
NEGERI SEMBILAN,PPD PORT DICKSON,NBC2023,SEKOLAH JENIS KEBANGSAAN (CINA) YIK HWA,船头育华华小,"KM 43, JALAN PORT DICKSON, PENGKALAN KEMPAS",71150,LINGGI,15/11/1923,102.016,2.44912
NEGERI SEMBILAN,PPD PORT DICKSON,NBC2024,SEKOLAH JENIS KEBANGSAAN (CINA) KG BARU SG NIPAH,双溪立百新村华小,CHUAH,71960,PORT DICKSON,3/4/1964,101.746,2.62571
NEGERI SEMBILAN,PPD PORT DICKSON,NBC2025,SEKOLAH JENIS KEBANGSAAN (CINA) KG BARU TANAH MERAH 'A',丹那美拉 A 新村华小,KM 25 JALAN PD KG BARU TANAH MERAH SITE A,71010,PORT DICKSON,1/1/1952,101.759,2.67784
NEGERI SEMBILAN,PPD PORT DICKSON,NBC2026,SEKOLAH JENIS KEBANGSAAN (CINA) TANAH MERAH SITE C,丹那美拉 C 新村华小,KAMPUNG TANAH MERAH SITE C,71960,BKT PELANDOK,1/1/1955,101.803706,2.614089
NEGERI SEMBILAN,PPD PORT DICKSON,NBC2028,SEKOLAH JENIS KEBANGSAAN (CINA) LADANG SUA BETONG,波德申苏密东华小,"KM 22 JLN LINGGI, LADANG SUA BETONG, SI RUSA",71000,PORT DICKSON,1/1/1960,101.91,2.5012
NEGERI SEMBILAN,PPD PORT DICKSON,NBC2029,SEKOLAH JENIS KEBANGSAAN (CINA) ST LEONARDS,波德申圣斗纳园华小,LADANG PORT DICKSON LUKUT,71000,PORT DICKSON,7/8/1955,101.8332235,2.517110986
NEGERI SEMBILAN,PPD PORT DICKSON,NBC2030,SEKOLAH JENIS KEBANGSAAN (CINA) LADANG SILIAU,西廖园华小,"KM 8 JALAN RANTAU, SILIAU",71100,SILIAU,1/1/1967,101.910956,2.578722
NEGERI SEMBILAN,PPD PORT DICKSON,NBC2031,SEKOLAH JENIS KEBANGSAAN (CINA) BRADWALL,峇都依淡华小,KUALA LUKUT,71010,PORT DICKSON,19/4/1940,101.7999628,2.570828549
NEGERI SEMBILAN,PPD PORT DICKSON,NBC2033,SEKOLAH JENIS KEBANGSAAN (CINA) BANDAR SPRINGHILL,芦骨春泉镇华小,BANDAR SPRINGHILL,71010,LUKUT,9/9/1953,101.8598941,2.597881929
NEGERI SEMBILAN,PPD REMBAU,NBC3027,SEKOLAH JENIS KEBANGSAAN (CINA) YUK HUA REMBAU,林茂育华华小,JALAN DATO' ABDULLAH,71300,REMBAU,1/1/1925,102.0958856,2.5889661
NEGERI SEMBILAN,PPD REMBAU,NBC3028,SEKOLAH JENIS KEBANGSAAN (CINA) PEI HWA PEDAS,不叻士培华华小,KM 0.5 JALAN KUNDOR,71400,PEDAS,20/4/1920,102.058158,2.616016108
NEGERI SEMBILAN,PPD REMBAU,NBC3029,SEKOLAH JENIS KEBANGSAAN (CINA) PEI TECK KOTA,高岛培德华小,KM 14 JALAN SEREMBAN TAMPIN,71350,KOTA,1/1/1958,102.1561174,2.521829367
NEGERI SEMBILAN,PPD SEREMBAN,NBC4042,SEKOLAH JENIS KEBANGSAAN (CINA) CHUNG HUA,芙蓉中华华小,KM 3 JALAN TUANKU MUNAWIR,70000,SEREMBAN,15/7/1913,101.9351302,2.730216713
NEGERI SEMBILAN,PPD SEREMBAN,NBC4043,SEKOLAH JENIS KEBANGSAAN (CINA) CHI HWA,芙蓉启华华小,JALAN TEMIANG,70200,SEREMBAN,1/1/1924,101.9370018,2.736480136
NEGERI SEMBILAN,PPD SEREMBAN,NBC4044,SEKOLAH JENIS KEBANGSAAN (CINA) CHAN WA,芙蓉振华华小,46 JALAN TAN SRI MANICKAVASAGAM,70200,SEREMBAN,21/2/1964,101.931,2.73273
NEGERI SEMBILAN,PPD SEREMBAN,NBC4045,SEKOLAH JENIS KEBANGSAAN (CINA) SAN MIN,芙蓉三民华小,20 OFF JALAN LEE SAM,70000,SEREMBAN,3/8/1926,101.934508,2.727542
NEGERI SEMBILAN,PPD SEREMBAN,NBC4046,SEKOLAH JENIS KEBANGSAAN (CINA) PEI HUA,芙蓉培华华小,JALAN TUN DR ISMAIL,70200,SEREMBAN,21/6/1925,101.9289734,2.738112037
NEGERI SEMBILAN,PPD SEREMBAN,NBC4047,SEKOLAH JENIS KEBANGSAAN (CINA) KUO MIN,芙蓉国民华小,JALAN TUN DR ISMAIL,70200,SEREMBAN,1/1/1933,101.9293064,2.738302141
NEGERI SEMBILAN,PPD SEREMBAN,NBC4048,SEKOLAH JENIS KEBANGSAAN (CINA) SINO ENGLISH,芙蓉中英华小,JALAN LEE SAM,70000,SEREMBAN,28/9/1945,101.9354731,2.723820651
NEGERI SEMBILAN,PPD SEREMBAN,NBC4050,SEKOLAH JENIS KEBANGSAAN (CINA) SIN HUA,芙蓉新华华小,JALAN TOK UNGKU,70100,SEREMBAN,9/1/1946,101.9526808,2.698572586
NEGERI SEMBILAN,PPD SEREMBAN,NBC4051,SEKOLAH JENIS KEBANGSAAN (CINA) MA HWA KG. BARU RASAH,亚沙新村马华华小,KAMPUNG BARU RASAH,70300,SEREMBAN,10/8/1966,101.9331121,2.698273047
NEGERI SEMBILAN,PPD SEREMBAN,NBC4052,SEKOLAH JENIS KEBANGSAAN (CINA) KG BARU RAHANG,芙蓉拉杭新村华小,KAMPUNG BARU RAHANG,70450,SEREMBAN,21/1/1952,101.9629613,2.69506705
NEGERI SEMBILAN,PPD SEREMBAN,NBC4053,SEKOLAH JENIS KEBANGSAAN (CINA) KG SERI SIKAMAT,小甘密华小,"KM 5,KG SERI SIKAMAT",70400,SEREMBAN,15/8/1950,101.9667084,2.745860398
NEGERI SEMBILAN,PPD SEREMBAN,NBC4054,SEKOLAH JENIS KEBANGSAAN (CINA) KG BARU MAMBAU,万茂新村华小,KAMPUNG BARU MAMBAU,70300,SEREMBAN,2/1/1951,101.917973,2.66913682
NEGERI SEMBILAN,PPD SEREMBAN,NBC4055,SEKOLAH JENIS KEBANGSAAN (CINA) HILLSIDE SEREMBAN,芙蓉丘晒园华小,"BT 4, JALAN LABU",70200,SEREMBAN,1/1/1950,101.89571,2.725314
NEGERI SEMBILAN,PPD SEREMBAN,NBC4056,SEKOLAH JENIS KEBANGSAAN (CINA) KG BARU BT 8 LABU,芙蓉拉务八哩华小,BT 8 JALAN LABU,71900,SEREMBAN,1/1/1946,101.8563215,2.74306967
NEGERI SEMBILAN,PPD SEREMBAN,NBC4057,SEKOLAH JENIS KEBANGSAAN (CINA) MIN SHING,芙蓉拉务民兴华小,BATU10 PEKAN LABU,71900,LABU,8/8/1926,101.8233295,2.753974939
NEGERI SEMBILAN,PPD SEREMBAN,NBC4058,SEKOLAH JENIS KEBANGSAAN (CINA) KUO MIN,汝来国民华小,KM 1 JALAN BESAR NILAI,71800,NILAI,1/1/1919,101.7980227,2.802250177
NEGERI SEMBILAN,PPD SEREMBAN,NBC4059,SEKOLAH JENIS KEBANGSAAN (CINA) KG BARU PAROI,芙蓉芭蕾新村华小,KM 9 KAMPUNG SERI PAROI JALAN KUALA PILAH,70400,SEREMBAN,31/12/1945,102.0003755,2.72372598
NEGERI SEMBILAN,PPD SEREMBAN,NBC4060,SEKOLAH JENIS KEBANGSAAN (CINA) KG BARU PANTAI,班台新村华小,KG BARU PANTAI KM12 JALAN SEREMBAN JELEBU,71770,SEREMBAN,1/1/1933,102.000258,2.787001
NEGERI SEMBILAN,PPD SEREMBAN,NBC4061,SEKOLAH JENIS KEBANGSAAN (CINA) SIN MIN,瓜拉沙哇新民华小,LOT 2043 BATU 9 1/2 JLN KUALA SAWAH,71200,RANTAU,1/1/1938,101.9515136,2.620848745
NEGERI SEMBILAN,PPD SEREMBAN,NBC4062,SEKOLAH JENIS KEBANGSAAN (CINA) CHUNG HUA MANTIN,文丁中华华小,BT 10 JALAN BESAR MANTIN,71700,MANTIN,14/9/1913,101.894562,2.82627
NEGERI SEMBILAN,PPD SEREMBAN,NBC4063,SEKOLAH JENIS KEBANGSAAN (CINA) CHI CHI MANTIN,文丁启智华小,KAMPUNG ATAP,71700,MANTIN,1/1/1930,101.8974155,2.821619589
NEGERI SEMBILAN,PPD SEREMBAN,NBC4064,SEKOLAH JENIS KEBANGSAAN (CINA) KG BARU PAJAM,巴音新村华小,KG. BARU PAJAM,71700,MANTIN,1/1/1951,101.8494114,2.843040501
NEGERI SEMBILAN,PPD SEREMBAN,NBC4065,SEKOLAH JENIS KEBANGSAAN (CINA) KG BARU BROGA,武来岸新村华小,KG.BARU BROGA,71750,LENGGENG,1/1/1954,101.9113265,2.937112116
NEGERI SEMBILAN,PPD SEREMBAN,NBC4066,SEKOLAH JENIS KEBANGSAAN (CINA) YU CHAI ULU BERANANG,吁噜峇玲珑育才华小,KM 17 JALAN BESAR ULU BERANANG LENGGENG,71750,LENGGENG,1/1/1935,101.928515,2.894527
NEGERI SEMBILAN,PPD SEREMBAN,NBC4067,SEKOLAH JENIS KEBANGSAAN (CINA) CHUNG HUA RANTAU,晏斗中华华小,PEKAN RANTAU,71200,RANTAU,1/1/1918,101.9635997,2.59203535
NEGERI SEMBILAN,PPD SEREMBAN,NBC4068,SEKOLAH JENIS KEBANGSAAN (CINA) FOREST HEIGHTS SEREMBAN,晏斗吁鲁干中园华小,"Lot 62983, Persiaran Forest Height 2",70450,Seremban,18/1/1937,101.9635367,2.710578177
NEGERI SEMBILAN,PPD SEREMBAN,NBC4069,SEKOLAH JENIS KEBANGSAAN (CINA) KELPIN SEREMBAN,芙蓉加拉宾华小,JALAN TOK UNGKU,70100,SEREMBAN,1/1/1999,101.9427281,2.695111379
NEGERI SEMBILAN,PPD SEREMBAN,NBC4070,SEKOLAH JENIS KEBANGSAAN (CINA) TUNG HUA,芙蓉新城东华华小,"PERSIARAN SAUJANA INDAH, SAUJANA INDAH, S2 HEIGHTS",70300,SEREMBAN,1/1/1938,101.888237,2.704956
NEGERI SEMBILAN,PPD SEREMBAN,NBC4071,SEKOLAH JENIS KEBANGSAAN (CINA) SUNGAI SALAK,芙蓉双溪沙叻华小,TAMAN SEREMBAN JAYA,70450,SEREMBAN,1/1/1957,101.9773059,2.67162595
NEGERI SEMBILAN,PPD SEREMBAN,NBC4072,SEKOLAH JENIS KEBANGSAAN (CINA) PUTRA NILAI,汝来光星华小,NO 5 PERSIARAN UNIVERSITI PUTRA NILAI,71800,NILAI,1/1/1948,101.7688227,2.811448488
NEGERI SEMBILAN,PPD SEREMBAN,NBC4073,SEKOLAH JENIS KEBANGSAAN (CINA) BANDAR SRI SENDAYAN,达成（巴力丁宜）华小,Persiaran Nusari 1,71950,Bandar Sri Sendayan,29/9/1960,101.8750954,2.665831901
NEGERI SEMBILAN,PPD TAMPIN,NBC5020,SEKOLAH JENIS KEBANGSAAN (CINA) CHUNG HUA TAMPIN,淡边中华公学,JALAN BESAR TAMPIN,73000,TAMPIN,1/1/1939,102.232,2.46726
NEGERI SEMBILAN,PPD TAMPIN,NBC5021,SEKOLAH JENIS KEBANGSAAN (CINA) KG BARU TAMPIN,淡边新村华小,KG. BARU TAMPIN,73000,TAMPIN,11/1/1951,102.23,2.47779
NEGERI SEMBILAN,PPD TAMPIN,NBC5022,SEKOLAH JENIS KEBANGSAAN (CINA) KUO MIN GEMAS,金马士国民华小,PEKAN GEMAS,73400,GEMAS,29/7/1920,102.6092175,2.58281151
NEGERI SEMBILAN,PPD TAMPIN,NBC5023,SEKOLAH JENIS KEBANGSAAN (CINA) KG BARU GEMAS,金马士新村华小,KAMPUNG BARU GEMAS,73400,GEMAS,1/1/1952,102.6204452,2.585385906
NEGERI SEMBILAN,PPD TAMPIN,NBC5024,SEKOLAH JENIS KEBANGSAAN (CINA) SIN MIN GEMENCHEH,利民济新民华小,JALAN GEMENCHEH LAMA,73200,GEMENCHEH,1/1/1930,102.396,2.53506
NEGERI SEMBILAN,PPD TAMPIN,NBC5025,SEKOLAH JENIS KEBANGSAAN (CINA) KG BARU GEDOK,利民济义乐新村华小,KAMPUNG BARU GEDOK,73200,GEMENCHEH,1/1/1940,102.421601,2.548653
NEGERI SEMBILAN,PPD TAMPIN,NBC5026,SEKOLAH JENIS KEBANGSAAN (CINA) AIR KUNING SELATAN,亚逸昆宁华小,KG. BARU AIR KUNING SELATAN,73200,GEMENCHEH,23/3/1926,102.479,2.50841
NEGERI SEMBILAN,PPD JEMPOL/JELEBU,NBC6001,SEKOLAH JENIS KEBANGSAAN (CINA) CHI SIN,峇都基基启新华小,BATU KIKIR,72200,BATU KIKIR,1/1/1938,102.316,2.82352
NEGERI SEMBILAN,PPD JEMPOL/JELEBU,NBC6002,SEKOLAH JENIS KEBANGSAAN (CINA) CHI WEN,马口启文华小,PEKAN BAHAU,72100,BAHAU,1/1/1926,102.403,2.8093
NEGERI SEMBILAN,PPD JEMPOL/JELEBU,NBC6003,SEKOLAH JENIS KEBANGSAAN (CINA) BAHAU,马口华小,"KM2, JALAN KUALA PILAH",72100,BAHAU,1/1/1971,102.3913765,2.80773916
NEGERI SEMBILAN,PPD JEMPOL/JELEBU,NBC6004,SEKOLAH JENIS KEBANGSAAN (CINA) CHUNG HUA,马口榕吉中华华小,LADANG GEDDES,72120,BANDAR SERI JEMPOL,1/1/1937,102.517,2.85761
NEGERI SEMBILAN,PPD JEMPOL/JELEBU,NBC6005,SEKOLAH JENIS KEBANGSAAN (CINA) KG BARU MAHSAN,马身新村华小,KG.BARU MAHSAN,72100,BAHAU,26/9/1952,102.4079197,2.829068552
NEGERI SEMBILAN,PPD JEMPOL/JELEBU,NBC6006,SEKOLAH JENIS KEBANGSAAN (CINA) CHUNG HUA AIR HITAM,马口阿逸依淡华小,KG. SERI AIR HITAM,72120,BANDAR SERI JEMPOL,1/1/1926,102.3772278,2.926155152
NEGERI SEMBILAN,PPD JEMPOL/JELEBU,NBC6008,SEKOLAH JENIS KEBANGSAAN (CINA) MIDDLETON,马口公主城美丽敦华小,"JALAN PUTERI 34, TAMAN DESA PUTERI",72100,BAHAU,18/2/2008,102.420993,2.783479
NEGERI SEMBILAN,PPD JEMPOL/JELEBU,NBC6009,SEKOLAH JENIS KEBANGSAAN (CINA) CHUNG SAN,弄边中山华小,KM 1 JALAN BATANG JELAI,73500,ROMPIN,1/1/1928,102.5004,2.705914
PULAU PINANG,PPD SEBERANG PRAI TENGAH,PBC0021,SEKOLAH JENIS KEBANGSAAN (CINA) PERMATANG TINGGI,峇东丁宜华小,"JALAN BARU, PERMATANG TINGGI",14100,SIMPANG AMPAT,24/1/1953,100.479,5.29954
PULAU PINANG,PPD SEBERANG PRAI TENGAH,PBC0022,SEKOLAH JENIS KEBANGSAAN (CINA) PERKAMPUNGAN BERAPIT,武拉必华小,JALAN SEKOLAH,14000,BUKIT MERTAJAM,1/1/1952,100.472,5.38271
PULAU PINANG,PPD SEBERANG PRAI TENGAH,PBC0023,SEKOLAH JENIS KEBANGSAAN (CINA) KUBANG SEMANG,高巴三万华小,KUBANG SEMANG,14400,BUKIT MERTAJAM,1/1/1959,100.4621038,5.410929256
PULAU PINANG,PPD SEBERANG PRAI TENGAH,PBC0024,SEKOLAH JENIS KEBANGSAAN (CINA) KG. SG. LEMBU,双溪里武村华小,KAMPUNG SUNGAI LEMBU,14020,BUKIT MERTAJAM,1/3/1953,100.5227328,5.389148979
PULAU PINANG,PPD SEBERANG PRAI TENGAH,PBC0026,SEKOLAH JENIS KEBANGSAAN (CINA) JIT SIN 'A',大山脚日新华小 A 校,"JLN BERAPIT, BUKIT MERTAJAM",14000,BUKIT MERTAJAM,2/3/1918,100.468,5.3772
PULAU PINANG,PPD SEBERANG PRAI TENGAH,PBC0027,SEKOLAH JENIS KEBANGSAAN (CINA) JIT SIN 'B',大山脚日新华小 B 校,JALAN BERAPIT,14000,BUKIT MERTAJAM,2/3/1918,100.4676556,5.376263889
PULAU PINANG,PPD SEBERANG PRAI TENGAH,PBC0028,SEKOLAH JENIS KEBANGSAAN (CINA) KAY SIN,马章武莫启新华小,PERKAMPUNGAN MACHANG BUBUK,14020,BUKIT MERTAJAM,3/3/1922,100.5063056,5.333752778
PULAU PINANG,PPD SEBERANG PRAI TENGAH,PBC0029,SEKOLAH JENIS KEBANGSAAN (CINA) KEOW KUANG,大山脚侨光华小,"1864, MUKIM 10",14000,BUKIT MERTAJAM,1/1/1930,100.4532485,5.356811706
PULAU PINANG,PPD SEBERANG PRAI TENGAH,PBC0030,SEKOLAH JENIS KEBANGSAAN (CINA) KIM SEN,大山脚金星华小,JALAN KULIM,14000,BUKIT MERTAJAM,1/1/1945,100.467,5.3558
PULAU PINANG,PPD SEBERANG PRAI TENGAH,PBC0031,SEKOLAH JENIS KEBANGSAAN (CINA) LAY KEOW,峇东埔励侨华小,JALAN SAMA GAGAH,13500,PERMATANG PAUH,1/1/1936,100.413,5.41071
PULAU PINANG,PPD SEBERANG PRAI TENGAH,PBC0032,SEKOLAH JENIS KEBANGSAAN (CINA) PENG BIN,武吉丁雅平民华小,BUKIT TENGAH,14000,BUKIT MERTAJAM,1/1/1928,100.435,5.34969
PULAU PINANG,PPD SEBERANG PRAI TENGAH,PBC0033,SEKOLAH JENIS KEBANGSAAN (CINA) SENG KEOW,威省醒侨华小,KAMPUNG PERTAMA,13500,PERMATANG PAUH,31/12/1938,100.412006,5.395531
PULAU PINANG,PPD SEBERANG PRAI TENGAH,PBC0034,SEKOLAH JENIS KEBANGSAAN (CINA) SIN YA,大山脚新亚华小,ALMA,14000,BUKIT MERTAJAM,1/1/1931,100.478,5.33068
PULAU PINANG,PPD SEBERANG PRAI TENGAH,PBC0035,SEKOLAH JENIS KEBANGSAAN (CINA) TRUE LIGHT,柔府村真光华小,KAMPONG JURU,14100,SIMPANG AMPAT,1/1/1952,100.446,5.31593
PULAU PINANG,PPD SEBERANG PRAI TENGAH,PBC0036,SEKOLAH JENIS KEBANGSAAN (CINA) BENG TEIK (PUSAT),大山脚明德正校,"PT 2946 MUKIM 10, JALAN KOTA PERMAI",14000,BUKIT MERTAJAM,11/1/1945,100.4570611,5.347586111
PULAU PINANG,PPD TIMUR LAUT,PBC1044,SEKOLAH JENIS KEBANGSAAN (CINA) SHANG WU,商务华小,JALAN LA SALLE,11400,GEORGETOWN,12/11/1909,100.3,5.40804
PULAU PINANG,PPD TIMUR LAUT,PBC1045,SEKOLAH JENIS KEBANGSAAN (CINA) PEREMPUAN CHINA,槟华华小,2-D JALAN GOTTLIEB,10350,GEORGETOWN,8/3/1919,100.3017333,5.432913889
PULAU PINANG,PPD TIMUR LAUT,PBC1048,SEKOLAH JENIS KEBANGSAAN (CINA) BENG TEIK CAWANGAN,明德分校,244-P JELUTONG BARAT,11600,GEORGETOWN,1/1/1958,100.319272,5.399164
PULAU PINANG,PPD TIMUR LAUT,PBC1049,SEKOLAH JENIS KEBANGSAAN (CINA) CHIAO NAN,侨南华小,279 JALAN THEAN TEIK,11500,AYER ITAM,1/1/1934,100.2842056,5.394108333
PULAU PINANG,PPD TIMUR LAUT,PBC1050,SEKOLAH JENIS KEBANGSAAN (CINA) JELUTONG,日落洞华小,"99-A, JALAN TAN SRI TEH EWE LIM",11600,GEORGETOWN,29/11/1945,100.3104972,5.391436111
PULAU PINANG,PPD TIMUR LAUT,PBC1051,SEKOLAH JENIS KEBANGSAAN (CINA) CHUNG HWA CONFUCIAN 'A',孔圣庙中华 A 校,JALAN IBBETSON,11400,AYER ITAM,1/1/1904,100.2995361,5.406105556
PULAU PINANG,PPD TIMUR LAUT,PBC1052,SEKOLAH JENIS KEBANGSAAN (CINA) CHUNG HWA CONFUCIAN 'B',孔圣庙中华 B 校,2 JALAN IBBETSON,11400,AYER ITAM,1/1/1904,100.299672,5.405956
PULAU PINANG,PPD TIMUR LAUT,PBC1053,SEKOLAH JENIS KEBANGSAAN (CINA) CONVENT DATUK KERAMAT,柑仔园修道院华小,421 JALAN DATUK KERAMAT,10150,GEORGETOWN,14/1/1935,100.317,5.41227
PULAU PINANG,PPD TIMUR LAUT,PBC1054,SEKOLAH JENIS KEBANGSAAN (CINA) ENG CHUAN,颍川华小,48 LEBUH KATZ,10300,GEORGE TOWN,1/1/1953,100.3288785,5.408660869
PULAU PINANG,PPD TIMUR LAUT,PBC1055,SEKOLAH JENIS KEBANGSAAN (CINA) HAN CHIANG,韩江华小,3 JALAN LIM LEAN TENG,11600,GEORGETOWN,1/1/1919,100.305,5.40696
PULAU PINANG,PPD TIMUR LAUT,PBC1056,SEKOLAH JENIS KEBANGSAAN (CINA) HENG EE,恒毅华小,31 JALAN MACALISTER,10400,GEORGETOWN,1/1/1957,100.327231,5.414444
PULAU PINANG,PPD TIMUR LAUT,PBC1057,SEKOLAH JENIS KEBANGSAAN (CINA) HUN BIN,丹绒武雅汉民华小,JALAN BUNGA KACA PIRING,11200,TANJUNG BUNGAH,1/1/1934,100.304303,5.458247
PULAU PINANG,PPD TIMUR LAUT,PBC1058,SEKOLAH JENIS KEBANGSAAN (CINA) KEONG HOE,共和华小,JALAN SUNGAI DUA,11700,GELUGOR,1/12/1923,100.2946944,5.346469444
PULAU PINANG,PPD TIMUR LAUT,PBC1059,SEKOLAH JENIS KEBANGSAAN (CINA) KHENG TEAN,卿田华小,"7, JALAN VAN PRAAGH",11600,GEORGETOWN,1/7/1940,100.3118567,5.397350245
PULAU PINANG,PPD TIMUR LAUT,PBC1060,SEKOLAH JENIS KEBANGSAAN (CINA) KONG MIN PUSAT,槟城公民总校,"39-A, JALAN AIR ITAM",11500,AYER ITAM,12/10/1953,100.2827306,5.405119444
PULAU PINANG,PPD TIMUR LAUT,PBC1061,SEKOLAH JENIS KEBANGSAAN (CINA) KONG MIN CAWANGAN SATU,公民华小第一分校,"611-C, JALAN BALIK PULAU",11500,AYER ITAM,1/1/1909,100.2756028,5.400883333
PULAU PINANG,PPD TIMUR LAUT,PBC1062,SEKOLAH JENIS KEBANGSAAN (CINA) KONG MIN CAWANGAN KEDUA,公民华小第二分校,JALAN PAYA TERUBONG,11060,AYER ITAM,1/1/1958,100.2762194,5.395247222
PULAU PINANG,PPD TIMUR LAUT,PBC1063,SEKOLAH JENIS KEBANGSAAN (CINA) KWANG HWA,双溪里蒙光华华小,"JALAN SULTAN AZLAN SHAH, SUNGAI NIBONG",11900,BAYAN LEPAS,1/1/1935,100.2968056,5.336227778
PULAU PINANG,PPD TIMUR LAUT,PBC1064,SEKOLAH JENIS KEBANGSAAN (CINA) LI TEK 'A',丽泽华小 A 校,356 PENGKALAN WELD,10300,GEORGETOWN,3/4/1923,100.334129,5.406018
PULAU PINANG,PPD TIMUR LAUT,PBC1065,SEKOLAH JENIS KEBANGSAAN (CINA) LI TEK 'B',丽泽华小 B 校,356 PENGKALAN WELD,10300,GEORGETOWN,1/1/1930,100.3337581,5.405717226
PULAU PINANG,PPD TIMUR LAUT,PBC1066,SEKOLAH JENIS KEBANGSAAN (CINA) LI TEK CAWANGAN,丽泽华小分校,"356,PENGKALAN WELD",10300,GEORGETOWN,4/3/1923,100.333563,5.405208
PULAU PINANG,PPD TIMUR LAUT,PBC1067,SEKOLAH JENIS KEBANGSAAN (CINA) MIN SIN,明新华小,"86, JALAN TUN DR. AWANG, RELAU",11900,BAYAN LEPAS,1/1/1956,100.28241,5.331841
PULAU PINANG,PPD TIMUR LAUT,PBC1068,SEKOLAH JENIS KEBANGSAAN (CINA) MOH GHEE (PUSAT),慕义华小总校,"114, LORONG PERAK",11600,GEORGETOWN,18/12/1931,100.3166806,5.403427778
PULAU PINANG,PPD TIMUR LAUT,PBC1069,SEKOLAH JENIS KEBANGSAAN (CINA) MOH GHEE CAWANGAN,慕义华小分校,"136, JALAN JELUTONG",11600,GEORGETOWN,1/1/1918,100.3216222,5.400491667
PULAU PINANG,PPD TIMUR LAUT,PBC1070,SEKOLAH JENIS KEBANGSAAN (CINA) PAI CHAI,峇都丁宜培才华小,"200, JALAN BATU FERINGGI",11100,BATU FERINGGI,15/10/1936,100.2507611,5.4749
PULAU PINANG,PPD TIMUR LAUT,PBC1071,SEKOLAH JENIS KEBANGSAAN (CINA) PHEI SHIN,培新华小,410A JALAN BUKIT DUMBAR,11600,GEORGETOWN,1/1/1937,100.3137583,5.387141667
PULAU PINANG,PPD TIMUR LAUT,PBC1072,SEKOLAH JENIS KEBANGSAAN (CINA) PHOR TAY,菩提华小,19-A JALAN BAGAN JERMAL,10250,GEORGETOWN,12/1/1946,100.3056083,5.438111111
PULAU PINANG,PPD TIMUR LAUT,PBC1073,SEKOLAH JENIS KEBANGSAAN (CINA) POAY WAH,丹绒武雅培华华小,"725, JALAN TANJUNG BUNGA",11200,TANJONG BUNGA,1/1/1934,100.281811,5.462908
PULAU PINANG,PPD TIMUR LAUT,PBC1074,SEKOLAH JENIS KEBANGSAAN (CINA) SHIH CHUNG PUSAT,乔治市时中正校,72-A LOVE LANE,10200,GEORGETOWN,30/4/1908,100.336386,5.419212337
PULAU PINANG,PPD TIMUR LAUT,PBC1075,SEKOLAH JENIS KEBANGSAAN (CINA) SHIH CHUNG CAWANGAN,双溪里蒙时中分校,"7, LEBUH NIPAH DUA, SG. NIBONG",11900,BAYAN LEPAS,8/10/1908,100.296,5.33551
PULAU PINANG,PPD TIMUR LAUT,PBC1076,SEKOLAH JENIS KEBANGSAAN (CINA) SIN KANG,新江华小,"JALAN THEAN TEIK, AYER ITAM",11500,GEORGETOWN,1/1/1906,100.291,5.4003
PULAU PINANG,PPD TIMUR LAUT,PBC1077,SEKOLAH JENIS KEBANGSAAN (CINA) SUM MIN,三民华小,"1, LEBUH TYE SIN",10300,GEORGETOWN,1/1/1921,100.331153,5.409547
PULAU PINANG,PPD TIMUR LAUT,PBC1078,SEKOLAH JENIS KEBANGSAAN (CINA) SUM SUN,三山华小,143 JALAN FREE SCHOOL,11600,GEORGE TOWN,1/1/1927,100.315,5.40372
PULAU PINANG,PPD TIMUR LAUT,PBC1079,SEKOLAH JENIS KEBANGSAAN (CINA) TONG SIAN,同善华小,"423, JALAN DATO KERAMAT",10150,GEORGETOWN,1/1/1897 00:00,100.3172803,5.412355773
PULAU PINANG,PPD TIMUR LAUT,PBC1080,SEKOLAH JENIS KEBANGSAAN (CINA) UNION,协和华小,219 JALAN BURMA,10050,GEORGETOWN,14/8/1928,100.3214944,5.422708333
PULAU PINANG,PPD TIMUR LAUT,PBC1081,SEKOLAH JENIS KEBANGSAAN (CINA) HU YEW SEAH,辅友华小,45 LORONG MADRAS,10400,GEORGETOWN,5/5/1931,100.3268778,5.416697222
PULAU PINANG,PPD SEBERANG PERAI UTARA,PBC2032,SEKOLAH JENIS KEBANGSAAN (CINA) MAK MANDIN,麦曼珍华小,TINGKAT MAK MANDIN DUA,13400,BUTTERWORTH,1/1/1984,100.3893778,5.421391667
PULAU PINANG,PPD SEBERANG PERAI UTARA,PBC2033,SEKOLAH JENIS KEBANGSAAN (CINA) AIK KEOW,本那牙益侨华小,SEBERANG PERAI UTARA,13100,PENAGA,1/1/1945,100.3809917,5.525344444
PULAU PINANG,PPD SEBERANG PERAI UTARA,PBC2034,SEKOLAH JENIS KEBANGSAAN (CINA) AIK KEOW,日落斗哇益侨华小,TELOK AIR TAWAR,13050,BUTTERWORTH,31/12/1930,100.3840778,5.480675
PULAU PINANG,PPD SEBERANG PERAI UTARA,PBC2035,SEKOLAH JENIS KEBANGSAAN (CINA) CHIN HWA,槟榔东海振华华小,PINANG TUNGGAL,13210,KEPALA BATAS,1/1/1935,100.51,5.5496
PULAU PINANG,PPD SEBERANG PERAI UTARA,PBC2036,SEKOLAH JENIS KEBANGSAAN (CINA) PEI YU,甲抛峇底培育华小,JALAN DATUK HAJI AHMAD BADAWI,13200,KEPALA BATAS,1/1/1960,100.429,5.51443
PULAU PINANG,PPD SEBERANG PERAI UTARA,PBC2037,SEKOLAH JENIS KEBANGSAAN (CINA) CHUNG HWA PUSAT,北海中华华小(总)校,JALAN KAMPUNG GAJAH,12200,BUTTERWORTH,1/1/1921,100.372859,5.415777
PULAU PINANG,PPD SEBERANG PERAI UTARA,PBC2038,SEKOLAH JENIS KEBANGSAAN (CINA) CHUNG HWA 1,北海中华华小(一)校,JLN TELAGA AIR,12200,BUTTERWORTH,1/1/1940,100.377502,5.414326
PULAU PINANG,PPD SEBERANG PERAI UTARA,PBC2039,SEKOLAH JENIS KEBANGSAAN (CINA) CHUNG HWA 2,北海中华华小(二)校,"JALAN BAGAN 1, TAMAN BAGAN",13400,BUTTERWORTH,1/1/1939,100.384572,5.40637
PULAU PINANG,PPD SEBERANG PERAI UTARA,PBC2040,SEKOLAH JENIS KEBANGSAAN (CINA) KAI CHEE,北海双溪赖启智华小,SUNGAI DUA,13800,BUTTERWORTH,1/1/1933,100.432,5.44304
PULAU PINANG,PPD SEBERANG PERAI UTARA,PBC2041,SEKOLAH JENIS KEBANGSAAN (CINA) KUANG YU,瓜拉姆拉光育华小,KUALA MUDA,13110,PENAGA,1/1/1935,100.3427222,5.569936111
PULAU PINANG,PPD SEBERANG PERAI UTARA,PBC2042,SEKOLAH JENIS KEBANGSAAN (CINA) KWANG HWA,北海光华华小,JALAN RAJA UDA,12300,BUTTERWORTH,1/1/1936,100.383,5.42772
PULAU PINANG,PPD SEBERANG PERAI UTARA,PBC2043,SEKOLAH JENIS KEBANGSAAN (CINA) LEE CHEE,威北励志华小,JALAN BESAR,13300,TASEK GELUGOR,1/1/1933,100.495369,5.482016
PULAU PINANG,PPD SEBERANG PERAI UTARA,PBC2044,SEKOLAH JENIS KEBANGSAAN (CINA) LI HWA,威北励华华小,PERMATANG TENGAH,13000,BUTTERWORTH,1/1/1911,100.387,5.4466
PULAU PINANG,PPD SEBERANG PERAI UTARA,PBC2045,SEKOLAH JENIS KEBANGSAAN (CINA) MAH HUA,威北平安村马华华小,KAMPUNG SELAMAT,13300,TASEK GELUGOR,1/1/1952,100.521,5.5068
PULAU PINANG,PPD SEBERANG PERAI UTARA,PBC2046,SEKOLAH JENIS KEBANGSAAN (CINA) NUNG MIN,文蒙里玛农民华小,BUMBUNG LIMA,13200,KEPALA BATAS,1/1/1946,100.436328,5.554377
PULAU PINANG,PPD SEBERANG PERAI UTARA,PBC2047,SEKOLAH JENIS KEBANGSAAN (CINA) SIN CHUNG,峇东仙托新中小学,PERMATANG SINTOK,13100,PENAGA,1/12/1946,100.403489,5.513658
PULAU PINANG,PPD SEBERANG PRAI TENGAH,PBC2079,SEKOLAH JENIS KEBANGSAAN (CINA) CHUNG HWA 3,北赖中华华小(三)校,JALAN SENANGIN,13600,PERAI,1/1/1946,100.3841883,5.384595944
PULAU PINANG,PPD BARAT DAYA,PBC3017,SEKOLAH JENIS KEBANGSAAN (CINA) CHIN HWA (PANTAI ACHEH),班台亚齐振华华小,PANTAI ACHEH,11010,BALIK PULAU,1/1/1939,100.1975421,5.416638385
PULAU PINANG,PPD BARAT DAYA,PBC3018,SEKOLAH JENIS KEBANGSAAN (CINA) PULAU BETONG,浮罗勿洞华小,PULAU BETONG,11020,BALIK PULAU,1/1/1925,100.2,5.3039
PULAU PINANG,PPD BARAT DAYA,PBC3019,SEKOLAH JENIS KEBANGSAAN (CINA) CHONG CHENG,新港崇正华小,SUNGAI ARA,11900,BAYAN LEPAS,1/1/1930,100.271,5.32403
PULAU PINANG,PPD BARAT DAYA,PBC3020,SEKOLAH JENIS KEBANGSAAN (CINA) CHONG TEIK,浮罗山背崇德华小,JALAN RELAU,11000,BALIK PULAU,1/1/1911,100.238,5.35047
PULAU PINANG,PPD BARAT DAYA,PBC3021,SEKOLAH JENIS KEBANGSAAN (CINA) CHUNG SHAN,峇六拜中山华小,JALAN SULTAN AZLAN SHAH,11900,BAYAN LEPAS,1/1/1914,100.271,5.29799
PULAU PINANG,PPD BARAT DAYA,PBC3022,SEKOLAH JENIS KEBANGSAAN (CINA) EOK HUA,直落巴巷育华华小,173 TELUK BAHANG,11050,TELUK BAHANG,1/1/1919,100.216392,5.456842
PULAU PINANG,PPD BARAT DAYA,PBC3023,SEKOLAH JENIS KEBANGSAAN (CINA) POI ENG,美湖培英华小,GERTAK SANGGUL,11910,BAYAN LEPAS,1/1/1925,100.196,5.28322
PULAU PINANG,PPD BARAT DAYA,PBC3024,SEKOLAH JENIS KEBANGSAAN (CINA) SACRED HEART,浮罗山背圣心华小,JALAN UTAMA,11000,BALIK PULAU,1/1/1945,100.237,5.35258
PULAU PINANG,PPD BARAT DAYA,PBC3025,SEKOLAH JENIS KEBANGSAAN (CINA) SIN MIN,双溪槟榔新民华小,SUNGAI PINANG,11010,BALIK PULAU,1/2/1920,100.213742,5.399131
PULAU PINANG,PPD BARAT DAYA,PBC3026,SEKOLAH JENIS KEBANGSAAN (CINA) TAR THONG,浮罗大同华小,GENTING,11000,BALIK PULAU,4/1/1926,100.213789,5.334121
PULAU PINANG,PPD BARAT DAYA,PBC3027,SEKOLAH JENIS KEBANGSAAN (CINA) WEN KHAI,文开华小,JALAN BATU MAUNG,11960,BAYAN LEPAS,1/8/1947,100.28,5.29377
PULAU PINANG,PPD BARAT DAYA,PBC3028,SEKOLAH JENIS KEBANGSAAN (CINA) YANG CHENG,公巴养正华小,TELOK KUMBAR,11920,BAYAN LEPAS,1/6/1924,100.23203,5.30068
PULAU PINANG,PPD BARAT DAYA,PBC3029,SEKOLAH JENIS KEBANGSAAN (CINA) YEOK HUA,浮罗新路头港口育华华小,JALAN BAHARU,11000,BALIK PULAU,1/1/1936,100.201344,5.352642
PULAU PINANG,PPD BARAT DAYA,PBC3030,SEKOLAH JENIS KEBANGSAAN (CINA) YU CHYE,双溪槟榔港口育才华小,KUALA SUNGAI PINANG,11010,BALIK PULAU,11/5/1958,100.202,5.39272
PULAU PINANG,PPD BARAT DAYA,PBC3031,SEKOLAH JENIS KEBANGSAAN (CINA) AIK HUA,益华华小,"3, LILITAN SUNGAI ARA, SUNGAI ARA",11900,BAYAN LEPAS,1/1/1913,100.2748105,5.334428252
PULAU PINANG,PPD SEBERANG PRAI SELATAN,PBC4013,SEKOLAH JENIS KEBANGSAAN (CINA) BOON BENG,新邦安拔文明华小,"1677, JALAN TASEK MUTIARA 2",14120,BANDAR TASEK MUTIARA,8/4/1925,100.4873667,5.274219444
PULAU PINANG,PPD SEBERANG PRAI SELATAN,PBC4015,SEKOLAH JENIS KEBANGSAAN (CINA) KAMPUNG VALDOR,威南华都村华小,"JALAN 6, KAMPUNG VALDOR",14200,SUNGAI JAWI,1/1/1952,100.4922167,5.240638889
PULAU PINANG,PPD SEBERANG PRAI SELATAN,PBC4016,SEKOLAH JENIS KEBANGSAAN (CINA) CHONG KUANG,爪夷崇光华小,"JALAN BESAR, SUNGAI BAKAP",14200,SUNGAI JAWI,1/1/1926,100.493775,5.231127778
PULAU PINANG,PPD SEBERANG PRAI SELATAN,PBC4017,SEKOLAH JENIS KEBANGSAAN (CINA) KAMPUNG JAWI,爪夷村华小,"SG BAKAP, S PERAI (S)",14200,SUNGAI JAWI,1/1/1954,100.4946556,5.214766667
PULAU PINANG,PPD SEBERANG PRAI SELATAN,PBC4018,SEKOLAH JENIS KEBANGSAAN (CINA) KENG KOON,武吉淡汶敬群华小,"JALAN BUKIT TAMBUN, BUKIT TAMBUN",14110,SPG AMPAT,1/1/1922,100.4514556,5.271505556
PULAU PINANG,PPD SEBERANG PRAI SELATAN,PBC4019,SEKOLAH JENIS KEBANGSAAN (CINA) PAI TEIK,高渊培德华小,JALAN OOI KAR SENG,14300,NIBONG TEBAL,7/11/1911,100.468,5.17334
PULAU PINANG,PPD SEBERANG PRAI SELATAN,PBC4021,SEKOLAH JENIS KEBANGSAAN (CINA) YOK ENG,高渊港口毓英华小,SUNGAI UDANG,14310,NIBONG TEBAL,1/1/1932,100.426419,5.163584
PERLIS,JPN PERLIS,RBC0043,SEKOLAH JENIS KEBANGSAAN (CINA) CHIN HUN,玻璃市双弄振汉华小,KUALA SANGLANG,2800,SANGLANG,1/1/1959,100.196225,6.261988889
PERLIS,JPN PERLIS,RBC0044,SEKOLAH JENIS KEBANGSAAN (CINA) CHOON SIEW,玻璃市港口群修华小,JALAN KUALA PERLIS,2000,KUALA PERLIS,1/1/1924,100.134,6.39857
PERLIS,JPN PERLIS,RBC0045,SEKOLAH JENIS KEBANGSAAN (CINA) HWA AIK,玻璃市亚娄华益华小,JALAN SYED HUSSEIN,2600,ARAU,1/1/1926,100.2737028,6.427247222
PERLIS,JPN PERLIS,RBC0046,SEKOLAH JENIS KEBANGSAAN (CINA) KHAY BENG,玻璃市启明华小,KUALA PERLIS,2000,KUALA PERLIS,1/1/1921,100.1323361,6.410047222
PERLIS,JPN PERLIS,RBC0047,SEKOLAH JENIS KEBANGSAAN (CINA) KHOON AIK,玻璃市加央群益华小,JLN RAJA SYED ALWI,1000,KANGAR,1/1/1911,100.196675,6.429897222
PERLIS,JPN PERLIS,RBC0048,SEKOLAH JENIS KEBANGSAAN (CINA) PADANG BESAR UTARA,玻璃市巴东勿刹华小,PADANG BESAR (UTARA),2100,PADANG BESAR,1/1/1926,100.3226056,6.659391667
PERLIS,JPN PERLIS,RBC0049,SEKOLAH JENIS KEBANGSAAN (CINA) KONG AIK,玻璃市公益华小,JALAN MATA AYER,2500,MATA AYER,1/1/1939,100.25845,6.472913889
PERLIS,JPN PERLIS,RBC0050,SEKOLAH JENIS KEBANGSAAN (CINA) KONG HWA,玻璃市加基武吉公华华小,KAKI BUKIT,2200,KAKI BUKIT,1/1/1927,100.208,6.64473
PERLIS,JPN PERLIS,RBC0051,SEKOLAH JENIS KEBANGSAAN (CINA) SIMPANG EMPAT,玻璃市十字港新邦华小,SIMPANG EMPAT,2700,SIMPANG EMPAT,31/12/1952,100.188,6.34143
PERLIS,JPN PERLIS,RBC0052,SEKOLAH JENIS KEBANGSAAN (CINA) SIN MIN,玻璃市亚娄新路新民华小,"JLN SYED HUSSAIN, PAUH",2600,ARAU,1/1/1946,100.3022361,6.437511111
TERENGGANU,PPD BESUT,TBC0063,SEKOLAH JENIS KEBANGSAAN (CINA) CHUNG HWA,日底中华华小,SIMPANG TIGA,22000,JERTEH,20/2/1937,102.4978617,5.737958373
TERENGGANU,PPD DUNGUN,TBC1032,SEKOLAH JENIS KEBANGSAAN (CINA) KWANG HWA,龙运光华华小,JALAN TAMBUN,23000,DUNGUN,1/1/1926,103.424444,4.776280298
TERENGGANU,PPD DUNGUN,TBC1033,SEKOLAH JENIS KEBANGSAAN (CINA) SIN CHONE,龙运新村华小,BATU 5,23000,DUNGUN,1/1/1952,103.4158926,4.714396356
TERENGGANU,PPD DUNGUN,TBC1034,SEKOLAH JENIS KEBANGSAAN (CINA) CHEE MONG,北加启蒙华小,JALAN BESAR,23100,PAKA,1/5/1930,103.4367073,4.633284343
TERENGGANU,PPD KEMAMAN,TBC2026,SEKOLAH JENIS KEBANGSAAN (CINA) LOK KHOON,甘马仕乐群华小,AYER JERNIH,24210,KEMASIK,1/1/1928,103.397,4.40829
TERENGGANU,PPD KEMAMAN,TBC2027,SEKOLAH JENIS KEBANGSAAN (CINA) CHUKAI,甘马挽挽华华小,JALAN JAKAR,24000,CHUKAI,9/8/1923,103.4274271,4.226406441
TERENGGANU,PPD KEMAMAN,TBC2028,SEKOLAH JENIS KEBANGSAAN (CINA) KUALA KEMAMAN,甘马挽港口华小,KUALA KEMAMAN,24000,KEMAMAN,1/1/1939,103.441,4.23222
TERENGGANU,PPD KEMAMAN,TBC2029,SEKOLAH JENIS KEBANGSAAN (CINA) JABOR,甘马挽雅姆华小,KEMAMAN VIA KUANTAN,26150,KUANTAN,1/1/1951,103.3053157,3.932189151
TERENGGANU,PPD KUALA TERENGGANU,TBC3094,SEKOLAH JENIS KEBANGSAAN (CINA) CHUNG HWA WEI SIN,瓜拉登嘉楼中华维新华小,JALAN SULTAN MOHAMAD,21100,KUALA TERENGGANU,1/1/1915,103.1371482,5.312359383
TERENGGANU,PPD MARANG,TBC4014,SEKOLAH JENIS KEBANGSAAN (CINA) CHONG HWA,哇加打北中华华小,WAKAF TAPAI,21040,KUALA TERENGGANU,1/1/1946,103.086749,5.13211
WILAYAH PERSEKUTUAN KUALA LUMPUR,PPW SENTUL,WBC0113,SEKOLAH JENIS KEBANGSAAN (CINA) CHI MAN,洗都志文华小,JALAN SENTUL,51000,KUALA LUMPUR,11/1/1918,101.690673,3.185308
WILAYAH PERSEKUTUAN KUALA LUMPUR,PPW SENTUL,WBC0114,SEKOLAH JENIS KEBANGSAAN (CINA) CHIAO NAN,侨南华小,"26-28, JALAN PAHANG",53000,KUALA LUMPUR,1/1/1917,101.7,3.17889
WILAYAH PERSEKUTUAN KUALA LUMPUR,PPW BANGSAR PUDU,WBC0115,SEKOLAH JENIS KEBANGSAAN (CINA) CHIN WOO,精武华小,JALAN SELADANG OFF JALAN PASAR,55100,KUALA LUMPUR,10/1/1929,101.715086,3.136857
WILAYAH PERSEKUTUAN KUALA LUMPUR,PPW SENTUL,WBC0116,SEKOLAH JENIS KEBANGSAAN (CINA) CHONG HWA,文良港中华华小,"JALAN PAHANG, SETAPAK",53000,KUALA LUMPUR,21/3/1919,101.701245,3.184815
WILAYAH PERSEKUTUAN KUALA LUMPUR,PPW KERAMAT,WBC0117,SEKOLAH JENIS KEBANGSAAN (CINA) CHUNG HWA 'P',中华女校,JALAN DAMAI OFF JALAN AMPANG,55000,KUALA LUMPUR,1/1/1925,101.7264401,3.162807319
WILAYAH PERSEKUTUAN KUALA LUMPUR,PPW BANGSAR PUDU,WBC0118,SEKOLAH JENIS KEBANGSAAN (CINA) CHUNG KWO,陆佑路中国华小,JALAN LOKE YEW,55200,KUALA LUMPUR,1/11/1940,101.709187,3.132858
WILAYAH PERSEKUTUAN KUALA LUMPUR,PPW SENTUL,WBC0119,SEKOLAH JENIS KEBANGSAAN (CINA) CHUNG KWOK,中国公学,JLN MERPATI OFF JLN RAJA LAUT,50350,KUALA LUMPUR,1/1/1946,101.693495,3.160577
WILAYAH PERSEKUTUAN KUALA LUMPUR,PPW BANGSAR PUDU,WBC0120,SEKOLAH JENIS KEBANGSAAN (CINA) CONFUCIAN,尊孔华小,"6 KM, JLN SG BESI",57100,KUALA LUMPUR,24/5/1906,101.704117,3.109806
WILAYAH PERSEKUTUAN KUALA LUMPUR,PPW BANGSAR PUDU,WBC0121,SEKOLAH JENIS KEBANGSAAN (CINA) JALAN DAVIDSON,德威伸路州立华小,JALAN HANG JEBAT,50150,KUALA LUMPUR,16/7/1928,101.703191,3.142209
WILAYAH PERSEKUTUAN KUALA LUMPUR,PPW BANGSAR PUDU,WBC0122,SEKOLAH JENIS KEBANGSAAN (CINA) IMBI,燕美华小,LOT 11029-11055 JALAN 39/119 TAMAN TAYNTON VIEW,56000,CHERAS KUALA LUMPUR,6/1/1925,101.730283,3.08873
WILAYAH PERSEKUTUAN KUALA LUMPUR,PPW SENTUL,WBC0123,SEKOLAH JENIS KEBANGSAAN (CINA) KHAI CHEE,泗岩沫启智华小,JALAN SEGAMBUT,51200,KUALA LUMPUR,15/9/1947,101.6695782,3.185720804
WILAYAH PERSEKUTUAN KUALA LUMPUR,PPW BANGSAR PUDU,WBC0124,SEKOLAH JENIS KEBANGSAAN (CINA) KUNG MIN,公民华小,"JLN LANDAK, PUDU",55100,KUALA LUMPUR,1/1/1938,101.714125,3.136435
WILAYAH PERSEKUTUAN KUALA LUMPUR,PPW BANGSAR PUDU,WBC0125,SEKOLAH JENIS KEBANGSAAN (CINA) KUEN CHENG 1,坤成华小一校,JALAN BELFIELD,50460,KUALA LUMPUR,1/1/1977,101.699389,3.133686
WILAYAH PERSEKUTUAN KUALA LUMPUR,PPW BANGSAR PUDU,WBC0126,SEKOLAH JENIS KEBANGSAAN (CINA) LA SALLE,乐圣华小,"NO:10, JALAN 2/149 , SRI PETALING",57000,KUALA LUMPUR,1/1/1953,101.68823,3.075479
WILAYAH PERSEKUTUAN KUALA LUMPUR,PPW SENTUL,WBC0127,SEKOLAH JENIS KEBANGSAAN (CINA) LAI CHEE,励志华小,BATU 3 1/2 JALAN SULTAN AZLAN SHAH,51200,KUALA LUMPUR,15/1/1947,101.682198,3.190853
WILAYAH PERSEKUTUAN KUALA LUMPUR,PPW BANGSAR PUDU,WBC0128,SEKOLAH JENIS KEBANGSAAN (CINA) LAI MENG,黎明华小,"1, BLOK B, SEKOLAH LAI MENG, JALAN 15/155C",57000,BANDAR BUKIT JALIL,27/10/1929,101.669026,3.05796
WILAYAH PERSEKUTUAN KUALA LUMPUR,PPW KERAMAT,WBC0130,SEKOLAH JENIS KEBANGSAAN (CINA) MUN YEE,文良港民义华小,"JALAN MAWAR, SETAPAK",53000,KUALA LUMPUR,1/1/1948,101.7088278,3.196121449
WILAYAH PERSEKUTUAN KUALA LUMPUR,PPW BANGSAR PUDU,WBC0131,SEKOLAH JENIS KEBANGSAAN (CINA) NAAM KHEUNG,蕉赖南强华小,"BATU 3 1/2, JALAN CHERAS",56000,KUALA LUMPUR,1/4/1922,101.724609,3.118618
WILAYAH PERSEKUTUAN KUALA LUMPUR,PPW KERAMAT,WBC0132,SEKOLAH JENIS KEBANGSAAN (CINA) NAN KAI,南开华小,PERSIARAN RAJA CHULAN,50200,KUALA LUMPUR,5/2/1949,101.705,3.14684
WILAYAH PERSEKUTUAN KUALA LUMPUR,PPW BANGSAR PUDU,WBC0133,SEKOLAH JENIS KEBANGSAAN (CINA) CHONG FAH PHIT CHEE,中华辟智华小,"JLN BRUNAI, PUDU",55100,KUALA LUMPUR,1/1/1909,101.713382,3.1387
WILAYAH PERSEKUTUAN KUALA LUMPUR,PPW BANGSAR PUDU,WBC0135,SEKOLAH JENIS KEBANGSAAN (CINA) SAM YOKE,新街场三育华小,"KM 4, JALAN SUNGAI BESI",57100,KUALA LUMPUR,15/2/1948,101.70802,3.126607
WILAYAH PERSEKUTUAN KUALA LUMPUR,PPW SENTUL,WBC0136,SEKOLAH JENIS KEBANGSAAN (CINA) SENTUL,冼都中文华小,JALAN SENTUL,51000,KUALA LUMPUR,1/9/1927,101.693327,3.179826
WILAYAH PERSEKUTUAN KUALA LUMPUR,PPW SENTUL,WBC0137,SEKOLAH JENIS KEBANGSAAN (CINA) SENTUL PASAR,冼都巴刹平民华小,"JALAN KAMPUNG BANDAR DALAM, SENTUL",51000,KUALA LUMPUR,1/1/1935,101.691213,3.195889
WILAYAH PERSEKUTUAN KUALA LUMPUR,PPW BANGSAR PUDU,WBC0138,SEKOLAH JENIS KEBANGSAAN (CINA) ST. TERESA BRICKFIELDS,圣德华小,JALAN SULTAN ABDUL SAMAD BRICKFIELDS,50470,KUALA LUMPUR,1/1/1936,101.684754,3.127669
WILAYAH PERSEKUTUAN KUALA LUMPUR,PPW BANGSAR PUDU,WBC0139,SEKOLAH JENIS KEBANGSAAN (CINA) TAI THUNG,大同华小,SALAK SOUTH,57100,KUALA LUMPUR,25/7/1911,101.7055705,3.105320535
WILAYAH PERSEKUTUAN KUALA LUMPUR,PPW BANGSAR PUDU,WBC0140,SEKOLAH JENIS KEBANGSAAN (CINA) TSUN JIN,循人华小,"JALAN PERWIRA, KG. PANDAN",55100,KUALA LUMPUR,20/10/1913,101.730255,3.137284
WILAYAH PERSEKUTUAN KUALA LUMPUR,PPW BANGSAR PUDU,WBC0141,SEKOLAH JENIS KEBANGSAAN (CINA) YOKE NAM,育南华小,JALAN HUJAN EMAS 6 TAMAN OVERSEAS UNION,58200,KUALA LUMPUR,1/1/1946,101.675677,3.074306
WILAYAH PERSEKUTUAN KUALA LUMPUR,PPW BANGSAR PUDU,WBC0144,SEKOLAH JENIS KEBANGSAAN (CINA) CHOONG WEN,崇文华小,"BATU 4 1/2,JALAN KELANG LAMA",58000,KUALA LUMPUR,1/1/1938,101.676,3.09321
WILAYAH PERSEKUTUAN KUALA LUMPUR,PPW SENTUL,WBC0146,SEKOLAH JENIS KEBANGSAAN (CINA) JINJANG TENGAH 1,增江中区华小一校,"JALAN JINJANG PERMAI 8,JINJANG UTARA",52000,KUALA LUMPUR,1/1/1951,101.66318,3.215125
WILAYAH PERSEKUTUAN KUALA LUMPUR,PPW SENTUL,WBC0147,SEKOLAH JENIS KEBANGSAAN (CINA) JINJANG UTARA,增江北区华小,"JALAN JINJANG DAMAI 1, JINJANG UTARA",52000,KUALA LUMPUR,1/1/1951,101.6606609,3.222356894
WILAYAH PERSEKUTUAN KUALA LUMPUR,PPW SENTUL,WBC0148,SEKOLAH JENIS KEBANGSAAN (CINA) JINJANG SELATAN,增江南区华小,"JALAN JAMBU GAJUS, JALAN KEPONG, JINJANG SELATAN",52000,KUALA LUMPUR,1/1/1957,101.664717,3.204414
WILAYAH PERSEKUTUAN KUALA LUMPUR,PPW SENTUL,WBC0149,SEKOLAH JENIS KEBANGSAAN (CINA) KEPONG 1,甲洞华小一校,"JALAN BESAR KEPONG, BELAKANG BALAI POLIS KEPONG",52100,KUALA LUMPUR,1/1/1909,101.634847,3.214727
WILAYAH PERSEKUTUAN KUALA LUMPUR,PPW SENTUL,WBC0150,SEKOLAH JENIS KEBANGSAAN (CINA) KEPONG 2,甲洞华小二校,"JALAN BESAR KEPONG, BELAKANG BALAI POLIS KEPONG",52100,KUALA LUMPUR,1/1/1961,101.634744,3.215564
WILAYAH PERSEKUTUAN KUALA LUMPUR,PPW BANGSAR PUDU,WBC0153,SEKOLAH JENIS KEBANGSAAN (CINA) KWONG HON,新街场光汉华小,SUNGAI BESI,57000,KUALA LUMPUR,4/3/1909,101.716571,3.067624
WILAYAH PERSEKUTUAN KUALA LUMPUR,PPW SENTUL,WBC0154,SEKOLAH JENIS KEBANGSAAN (CINA) MUN CHOONG,民众华小,"KAMPUNG BATU, BATU 5, JALAN IPOH",51200,KUALA LUMPUR,1/1/1930,101.674,3.2057
WILAYAH PERSEKUTUAN KUALA LUMPUR,PPW KERAMAT,WBC0155,SEKOLAH JENIS KEBANGSAAN (CINA) NAN YIK 'LEE RUBBER',南益华小,"BATU 5, JLN GOMBAK",53000,KUALA LUMPUR,18/10/1949,101.710543,3.209447
WILAYAH PERSEKUTUAN KUALA LUMPUR,PPW BANGSAR PUDU,WBC0158,SEKOLAH JENIS KEBANGSAAN (CINA) SALAK SOUTH,沙叻秀华小,JALAN 38 SALAK SOUTH BARU,57100,KUALA LUMPUR,1/1/1954,101.699238,3.086843
WILAYAH PERSEKUTUAN KUALA LUMPUR,PPW SENTUL,WBC0168,SEKOLAH JENIS KEBANGSAAN (CINA) JINJANG TENGAH 2,增江中区华小二校,"JALAN JINJANG PERMAI 8, JINJANG",52000,KUALA LUMPUR,1/1/1951,101.663088,3.2161
WILAYAH PERSEKUTUAN KUALA LUMPUR,PPW BANGSAR PUDU,WBC0170,SEKOLAH JENIS KEBANGSAAN (CINA) KUEN CHENG 2,坤成华小二校,JALAN KERAYONG AMAN,50460,KUALA LUMPUR,3/1/1977,101.693851,3.11813
WILAYAH PERSEKUTUAN KUALA LUMPUR,PPW BANGSAR PUDU,WBC0171,SEKOLAH JENIS KEBANGSAAN (CINA) TAMAN CONNAUGHT,蕉赖康乐华小,"JALAN GELIGA,TAMAN CONNAUGHT",56000,KUALA LUMPUR,1/12/1989,101.735862,3.083973
WILAYAH PERSEKUTUAN KUALA LUMPUR,PPW SENTUL,WBC0172,SEKOLAH JENIS KEBANGSAAN (CINA) KEPONG 3,甲洞华小三校,"1, JALAN SRI BINTANG UTAMA, DESA PARKCITY",52200,KUALA LUMPUR,1/1/2007,101.640709,3.18853
WILAYAH PERSEKUTUAN KUALA LUMPUR,PPW KERAMAT,WBC0173,SEKOLAH JENIS KEBANGSAAN (CINA) WANGSA MAJU,旺沙玛珠华小,"10, JALAN USAHAWAN 2, DANAU KOTA",53300,KUALA LUMPUR,1/1/2015,101.720233,3.198983
WILAYAH PERSEKUTUAN LABUAN,JPWP LABUAN,WCC1005,SEKOLAH JENIS KEBANGSAAN (CINA) CHI WEN,纳闽启文华小,PETI SURAT 81142,87021,W.P.LABUAN,1/1/1912,115.2480556,5.2808333
WILAYAH PERSEKUTUAN LABUAN,JPWP LABUAN,WCC1006,SEKOLAH JENIS KEBANGSAAN (CINA) CHUNG HWA,纳闽中华华小,PETI SURAT 81235,87008,LABUAN,1/1/1924,115.229089,5.285579314
SABAH,PPD KENINGAU,XBC1012,SEKOLAH JENIS KEBANGSAAN (CINA) CHENG MING,根地咬政民华小,PETI SURAT 44,89007,KENINGAU,9/6/1959,116.14919,5.30377
SABAH,PPD SANDAKAN,XBC2004,SEKOLAH JENIS KEBANGSAAN (CINA) CHENG MIN,山打根政民华小,PETI SURAT 676,90707,SANDAKAN,1/2/1961,118.11159,5.83926
SABAH,PPD KOTA KINABALU,XBC4002,SEKOLAH KEBANGSAAN (CINA) ANGLO-CHINESE,兵南邦中英华小,"P.W.D. 7975 TAMAN JINDO, LORONG PALAS, LUYANG",88300,KOTA KINABALU,11/11/1915,116.09221,5.94247
SABAH,PPD KENINGAU,XCC1049,SEKOLAH JENIS KEBANGSAAN (CINA) YUK KONG,根地咬育光华小,P.O BOX 58,89007,KENINGAU,1/4/1961,116.12134,5.3236
SABAH,PPD KENINGAU,XCC1050,SEKOLAH JENIS KEBANGSAAN (CINA) YUK YIN,根地咬育英华小,PETI SURAT 16,89007,KENINGAU,31/12/1921,116.16626,5.33901
SABAH,PPD TAMBUNAN,XCC1222,SEKOLAH JENIS KEBANGSAAN (CINA) YUH MIN,担布南育民华小,PETI SURAT 12,89657,TAMBUNAN,1/1/1937,116.36381,5.66821
SABAH,PPD TENOM,XCC1303,SEKOLAH JENIS KEBANGSAAN (CINA) CHI VUN ENTABUAN,丹南启文华小,PETI SURAT 171,89908,TENOM,15/1/1946,115.97944,5.1173
SABAH,PPD TENOM,XCC1304,SEKOLAH JENIS KEBANGSAAN (CINA) YUK HWA,丹南育华华小,PETI SURAT 126,89907,TENOM,1/1/1960,115.92003,4.96424
SABAH,PPD TENOM,XCC1305,SEKOLAH JENIS KEBANGSAAN (CINA) CHUNG HWA,丹南中华华小,PETI SURAT 106,89907,TENOM,1/1/1925,115.94549,5.12649
SABAH,PPD TENOM,XCC1315,SEKOLAH JENIS KEBANGSAAN (CINA) KONG MIN,丹南光民华小,PETI SURAT 44,89907,TENOM,1/1/1946,115.9586753,5.165862479
SABAH,PPD TENOM,XCC1324,SEKOLAH JENIS KEBANGSAAN (CINA) PADA,丹南巴达华小,PETI SURAT 139,89907,TENOM,1/1/1946,115.94057,5.01593
SABAH,PPD TENOM,XCC1327,SEKOLAH JENIS KEBANGSAAN (CINA) PHUI YING,丹南培仁华小,PETI SURAT 81,89907,TENOM,5/10/1945,115.97511,5.19196
SABAH,PPD TENOM,XCC1341,SEKOLAH JENIS KEBANGSAAN (CINA) VUN SHIN,丹南文新华小,PETI SURAT 161,89908,TENOM,1/1/1983,115.99603,5.24299
SABAH,PPD TENOM,XCC1342,SEKOLAH JENIS KEBANGSAAN (CINA) YUK NAM,丹南育南华小,PETI SURAT 62,89907,TENOM,1/1/1953,115.92168,5.00648
SABAH,PPD TENOM,XCC1343,SEKOLAH JENIS KEBANGSAAN (CINA) YUK SYN,丹南育新华小,PETI SURAT 185,89908,TENOM,1/1/1967,115.932567,5.0259
SABAH,PPD TENOM,XCC1346,SEKOLAH JENIS KEBANGSAAN (CINA) TSI SIN,丹南启新华小,PETI SURAT 321,89908,TENOM,1/1/1949,115.93755,5.10817
SABAH,PPD SANDAKAN,XCC2006,SEKOLAH JENIS KEBANGSAAN (CINA) CHI HWA,山打根启华华小,PETI SURAT 118,90701,SANDAKAN,1/1/1912,118.1116775,5.858871946
SABAH,PPD SANDAKAN,XCC2013,SEKOLAH JENIS KEBANGSAAN (CINA) LOK YUK,山打根乐育华小,PETI SURAT 269,90703,SANDAKAN,1/1/1932,118.0719697,5.834254677
SABAH,PPD SANDAKAN,XCC2016,SEKOLAH JENIS KEBANGSAAN (CINA) MING CHUNG,山打根民众华小,MAIL BAG 35,90009,SANDAKAN,7/12/1948,117.94989,5.88965
SABAH,PPD SANDAKAN,XCC2020,SEKOLAH JENIS KEBANGSAAN (CINA) PEA WHA,山打根培华华小,PETI SURAT NO. 2,90700,SANDAKAN,7/10/1935,117.97752,5.8877
SABAH,PPD SANDAKAN,XCC2022,SEKOLAH JENIS KEBANGSAAN (CINA) PEI YING,山打根培英华小,PETI SURAT 99,90701,SANDAKAN,1/1/1920,118.08318,5.83059
SABAH,PPD SANDAKAN,XCC2023,SEKOLAH JENIS KEBANGSAAN (CINA) PUI GIN,山打根培正华小,PETI SURAT 490,90705,SANDAKAN,1/1/1948,118.05988,5.89241
SABAH,PPD SANDAKAN,XCC2056,SEKOLAH JENIS KEBANGSAAN (CINA) SYN HUA,山打根新华华小,PETI SURAT 368,90704,SANDAKAN,5/5/1946,118.03064,5.88332
SABAH,PPD SANDAKAN,XCC2058,SEKOLAH JENIS KEBANGSAAN (CINA) TAI TONG,山打根大同华小,PETI SURAT 403,90704,SANDAKAN,1/1/1933,118.0414444,5.845897238
SABAH,PPD SANDAKAN,XCC2063,SEKOLAH JENIS KEBANGSAAN (CINA) YUK CHOI,山打根育才华小,PETI SURAT 244,90702,SANDAKAN,6/6/1930,118.07163,5.84732
SABAH,PPD TAWAU,XCC3012,SEKOLAH JENIS KEBANGSAAN (CINA) CHUNG HWA,斗湖中华华小,PETI SURAT 143,91007,TAWAU,6/3/1939,117.95973,4.25531
SABAH,PPD TAWAU,XCC3014,SEKOLAH JENIS KEBANGSAAN (CINA) HING HWA,斗湖兴华华小,PETI SURAT 142,91007,TAWAU,23/4/1923,117.90423,4.27046
SABAH,PPD TAWAU,XCC3026,SEKOLAH JENIS KEBANGSAAN (CINA) KUNG MING,斗湖公民华小,PETI SURAT 207,91007,TAWAU,1/1/1946,117.92686,4.25892
SABAH,PPD TAWAU,XCC3027,SEKOLAH JENIS KEBANGSAAN (CINA) KUOK MING,斗湖国民华小,PETI SURAT 196,91007,TAWAU,29/9/1929,117.8797,4.29459
SABAH,PPD TAWAU,XCC3034,SEKOLAH JENIS KEBANGSAAN (CINA) PHUI YUK,斗湖培育华小,PETI SURAT 328,91007,TAWAU,16/1/1960,117.88229,4.35255
SABAH,PPD TAWAU,XCC3041,SEKOLAH JENIS KEBANGSAAN (CINA) SIN HWA,斗湖新华华小,PETI SURAT 17,91007,TAWAU,1/7/1922,117.88444,4.24639
SABAH,PPD TAWAU,XCC3057,SEKOLAH JENIS KEBANGSAAN (CINA) YUK CHIN,斗湖育进公学,PETI SURAT 84,91007,TAWAU,7/9/1948,117.88946,4.27556
SABAH,PPD LAHAD DATU,XCC3104,SEKOLAH JENIS KEBANGSAAN (CINA) CHEE VUN,拿笃启文华小,PETI SURAT 60079,91110,LAHAD DATU,24/8/1948,118.33824,5.0302
SABAH,PPD LAHAD DATU,XCC3109,SEKOLAH JENIS KEBANGSAAN (CINA) KIAU SHING,拿笃侨新华小,PETI SURAT 60085,91110,LAHAD DATU,30/6/1952,118.2924,5.07534
SABAH,PPD LAHAD DATU,XCC3124,SEKOLAH JENIS KEBANGSAAN (CINA) SIEW CHING,拿笃修正华小,PETI SURAT 60018,91110,LAHAD DATU,19/9/1922,118.33049,5.02743
SABAH,PPD LAHAD DATU,XCC3125,SEKOLAH JENIS KEBANGSAAN (CINA) SIN WAH,拿笃新华华小,PETI SURAT 60117,91110,LAHAD DATU,1/1/1945,118.39524,5.03698
SABAH,PPD LAHAD DATU,XCC3134,SEKOLAH JENIS KEBANGSAAN (CINA) YUK CHOI,拿笃育才华小,PETI SURAT 60098,91110,LAHAD DATU,10/4/1947,118.29838,5.04407
SABAH,PPD KUNAK,XCC3201,SEKOLAH JENIS KEBANGSAAN (CINA) PAI SHENG,古纳培新华小,PETI SURAT 20,91207,KUNAK,24/2/1960,118.24547,4.68298
SABAH,PPD SEMPORNA,XCC3311,SEKOLAH JENIS KEBANGSAAN (CINA) NYUK HWA,仙本那育华华小,PETI SURAT 24,91307,SEMPORNA,1/1/1935,118.60496,4.47273
SABAH,PPD KOTA KINABALU,XCC4001,SEKOLAH JENIS KEBANGSAAN (CINA) CHUNG HWA LIKAS,里卡士中华华小,PETI SURAT 4,89400,LIKAS,1/1/1977,116.10383,5.9874
SABAH,PPD KOTA KINABALU,XCC4006,SEKOLAH JENIS KEBANGSAAN (CINA) CHUNG HWA KG AIR K KINABALU,亚庇中华华小,PETI SURAT 10215,88802,KOTA KINABALU,1/1/1917,116.072731,5.974035742
SABAH,PPD KOTA KINABALU,XCC4009,SEKOLAH JENIS KEBANGSAAN (CINA) GOOD SHEPHERD MENGGATAL,孟加达善牧华小,PETI SURAT 12353,88826,MENGGATAL,1/1/1927,116.1535001,6.024927969
SABAH,PPD KOTA KINABALU,XCC4025,SEKOLAH JENIS KEBANGSAAN (CINA) LOK YUK LIKAS,里卡士乐育华小,PETI SURAT 282,88856,KOTA KINABALU,5/8/1905,116.10009,5.98678
SABAH,PPD KOTA KINABALU,XCC4030,SEKOLAH JENIS KEBANGSAAN (CINA) LOK YUK MENGGATAL,孟加达乐育华小,PETI SURAT 10378,88804,KOTA KINABALU,20/10/1927,116.15368,6.02181
SABAH,PPD KOTA KINABALU,XCC4044,SEKOLAH JENIS KEBANGSAAN (CINA) SHAN TAO,亚庇善导华小,PETI SURAT 10026,88800,KOTA KINABALU,1/1/1938,116.06764,5.94812
SABAH,PPD KOTA KINABALU,XCC4052,SEKOLAH JENIS KEBANGSAAN (CINA) ST JAMES KOTA KINABALU,里卡士雅导华小,PETI SURAT 10963,88100,KOTA KINABALU,1/4/1968,116.10264,5.98389
SABAH,PPD KOTA KINABALU,XCC4054,SEKOLAH JENIS KEBANGSAAN (CINA) ST PETER TELIPOK,打里卜公民华小,PETI SURAT 275,88450,KOTA KINABALU,1/1/1927,116.19493,6.08873
SABAH,PPD KOTA KINABALU,XCC4066,SEKOLAH JENIS KEBANGSAAN (CINA) YICK NAM,下南南益南华小,PETI SURAT A-56,89357,INANAM,9/7/1948,116.13849,5.9906
SABAH,PPD PENAMPANG,XCC4104,SEKOLAH JENIS KEBANGSAAN (CINA) HWA SHIONG,必打丹华商华小,PETI SURAT 11212,88813,KOTA KINABALU,1/1/1928,116.0495533,5.897014413
SABAH,PPD PENAMPANG,XCC4124,SEKOLAH JENIS KEBANGSAAN (CINA) YUE MIN,兵南邦育民华小,PETI SURAT 13,89507,PENAMPANG,2/10/1947,116.0986701,5.917688666
SABAH,PPD PAPAR,XCC4202,SEKOLAH JENIS KEBANGSAAN (CINA) ANGLO CHINESE,吧巴中西华小,1/4 KM JALAN BARU PAPAR,89600,PAPAR,1/1/1903,115.9341958,5.732546618
SABAH,PPD PAPAR,XCC4211,SEKOLAH JENIS KEBANGSAAN (CINA) CHENG HWA,吧巴正华华小,PETI SURAT 27,89607,PAPAR,20/5/1948,115.93332,5.73555
SABAH,PPD PAPAR,XCC4212,SEKOLAH JENIS KEBANGSAAN (CINA) CHENG MING,吧巴政民华小,P.O.BOX 85,89608,PAPAR,1/1/1959,115.95743,5.56787
SABAH,PPD PAPAR,XCC4216,SEKOLAH JENIS KEBANGSAAN (CINA) HWA YIN RAMPAZAN,吧巴华仁华小,PETI SURAT 118,89608,PAPAR,1/1/1949,115.97534,5.69825
SABAH,PPD PAPAR,XCC4225,SEKOLAH JENIS KEBANGSAAN (CINA) KIN KIAU,京那律京侨华小,PETI SURAT 328,89608,PAPAR,17/7/1930,116.04418,5.82278
SABAH,PPD PAPAR,XCC4248,SEKOLAH JENIS KEBANGSAAN (CINA) SEN MING,吧巴新民华小,PETI SURAT 128,89608,PAPAR,1/1/1958,115.95853,5.63588
SABAH,PPD PAPAR,XCC4251,SEKOLAH JENIS KEBANGSAAN (CINA) ST JOSEPH,吧巴圣华华小,PETI SURAT 150,89608,PAPAR,19/3/1946,115.9301209,5.730243756
SABAH,PPD PAPAR,XCC4258,SEKOLAH JENIS KEBANGSAAN (CINA) TUNG SHAN,吧巴东山华小,PETI SURAT 169,89608,PAPAR,1/1/1930,116.01373,5.6894
SABAH,PPD TUARAN,XCC4309,SEKOLAH JENIS KEBANGSAAN (CINA) CHEN SIN,斗亚兰振新华小,PETI SURAT 1,89207,TUARAN,1/1/1961,116.22829,6.17526
SABAH,PPD TUARAN,XCC4323,SEKOLAH JENIS KEBANGSAAN (CINA) KOK WAH TALIBONG,德里望国华华小,PETI SURAT 69,89207,TUARAN,1/1/1990,116.231,6.11415
SABAH,PPD TUARAN,XCC4403,SEKOLAH JENIS KEBANGSAAN (CINA) ST PHILLIP,担波罗里培理华小,PETI SURAT 61,89257,TAMPARULI,2/1/1949,116.26413,6.13729
SABAH,PPD TUARAN,XCC4404,SEKOLAH JENIS KEBANGSAAN (CINA) CHUNG HWA TAMPARULI,担波罗里中华华小,PETI SURAT 77,89257,TAMPARULI,1/1/1938,116.26922,6.13702
SABAH,PPD TUARAN,XCC4412,SEKOLAH JENIS KEBANGSAAN (CINA) CHUNG HWA TENGHILAN,丁基兰中华华小,PETI SURAT 594,89208,TUARAN,1/1/1959,116.3353,6.25765
SABAH,PPD KUDAT,XCC5012,SEKOLAH JENIS KEBANGSAAN (CINA) HWA LIAN,古达华联华小,PETI SURAT 47,89057,KUDAT,1/6/1946,116.84685,6.8913
SABAH,PPD KUDAT,XCC5031,SEKOLAH JENIS KEBANGSAAN (CINA) LOK YUK PINANGSOO KUDAT,古达槟榔树乐育华小,PETI SURAT 99,89057,KUDAT,1/1/1915,116.81737,6.93018
SABAH,PPD KUDAT,XCC5034,SEKOLAH JENIS KEBANGSAAN (CINA) LOK YUK BATU 1 KUDAT,古达市区乐育华小,PETI SURAT 67,89057,KUDAT,1/1/1962,116.84656,6.89063
SABAH,PPD KUDAT,XCC5042,SEKOLAH JENIS KEBANGSAAN (CINA) OUR LADY IMMACULATE KUDAT,古达圣母华小,PETI SURAT 136,89057,KUDAT,1/1/1930,116.7557415,6.916584748
SABAH,PPD KUDAT,XCC5052,SEKOLAH JENIS KEBANGSAAN (CINA) SACRED HEART TAJAU KUDAT,古达圣心华小,PETI SURAT 135,89057,KUDAT,15/8/1930,116.76283,6.93725
SABAH,PPD KUDAT,XCC5065,SEKOLAH JENIS KEBANGSAAN (CINA) ST PETER,古达培德华小,PETI SURAT 349,89058,KUDAT,2/1/1969,116.85406,6.89594
SABAH,PPD KUDAT,XCC5080,SEKOLAH JENIS KEBANGSAAN (CINA) YUK HWA TEMALANG,古达育华华小,PETI SURAT 43,89057,KUDAT,1/1/1946,116.78215,6.90259
SABAH,PPD KOTA MARUDU,XCC5122,SEKOLAH JENIS KEBANGSAAN (CINA) KHOI MING,哥打马鲁都开明华小,PETI SURAT 34,89107,KOTA MARUDU,1/1/1921,116.75478,6.51942
SABAH,PPD KOTA BELUD,XCC5305,SEKOLAH JENIS KEBANGSAAN (CINA) CHUNG HWA,古打毛律中华华小,PETI SURAT 14,89157,KOTA BELUD,1/1/1920,116.42723,6.35665
SABAH,PPD RANAU,XCC5429,SEKOLAH JENIS KEBANGSAAN (CINA) PAI WEN,兰脑培文华小,PETI SURAT 9,89307,RANAU,1/1/1949,116.6651457,5.94866134
SABAH,PPD KOTA KINABALU,XCC6008,SEKOLAH JENIS KEBANGSAAN (CINA) CHE HWA KOLOMBONG,哥隆邦启华华小,JLN LINTAS KELOMBONG,88450,KOTA KINABALU,1/1/1932,116.11535,5.98695
SABAH,PPD BEAUFORT,XCC6027,SEKOLAH JENIS KEBANGSAAN (CINA) KUNG MING (1),保佛公民华小,PETI SURAT 5,89807,BEAUFORT,9/10/1929,115.74475,5.34669
SABAH,PPD BEAUFORT,XCC6030,SEKOLAH JENIS KEBANGSAAN (CINA) LIAN HWA,马拉冒联华华小,PETI SURAT 379,89808,BEAUFORT,22/2/1961,115.734964,5.354827233
SABAH,PPD BEAUFORT,XCC6101,SEKOLAH JENIS KEBANGSAAN (CINA) PEI YIN,王麻骨培英华小,PETI SURAT 20,89727,MEMBAKUT,1/1/1928,115.7955283,5.465044928
SABAH,PPD PAPAR,XCC6102,SEKOLAH JENIS KEBANGSAAN (CINA) BONG HWA,望家湾望华华小,PETI SURAT 28,89700,BONGAWAN,2/2/1970,115.85403,5.53703
SABAH,PPD SIPITANG,XCC6202,SEKOLAH JENIS KEBANGSAAN (CINA) CHUNG HWA SIPITANG,实比丹中华华小,PETI SURAT 65,89857,SIPITANG,1/1/1937,115.55139,5.07769
SABAH,PPD SIPITANG,XCC6203,SEKOLAH JENIS KEBANGSAAN (CINA) CHUNG HWA MESAPOL,孟沙坡中华华小,PETI SURAT 17,89857,SIPITANG,10/10/1946,115.59059,5.11063
SABAH,PPD SIPITANG,XCC6218,SEKOLAH JENIS KEBANGSAAN (CINA) SIN BOON SINDUMIN,新浪敏新文华小,PETI SURAT 67,89857,SIPITANG,1/1/1965,115.50911,4.96423
SABAH,PPD KUALA PENYU,XCC6303,SEKOLAH JENIS KEBANGSAAN (CINA) CHUNG HWA,瓜拉班尤中华华小,PETI SURAT 16,89747,KUALA PENYU,5/10/1946,115.59655,5.57352
SABAH,PPD KUALA PENYU,XCC6318,SEKOLAH JENIS KEBANGSAAN (CINA) PUI HWA,孟那卜培华华小,PETI SURAT 15,89767,MENUMBOK,1/1/1936,115.36969,5.30375
SARAWAK,PPD KUCHING,YBC1201,SEKOLAH JENIS KEBANGSAAN (CINA) SG APONG,古晋新渔村政府小学,"D/A PEJABAT PENDIDIKAN DAERAH KUCHING, JALAN DIPLOMATIK OFF JALAN BAKO PETRA JAYA",93050,KUCHING,3/1/1958,110.3827,1.5444
SARAWAK,PPD KUCHING,YBC1202,SEKOLAH JENIS KEBANGSAAN (CINA) BINTAWA,古晋民达华政府小学,"D/A PEJABAT PENDIDIKAN DAERAH KUCHING, JALAN DIPLOMATIK OFF JALAN BAKO PETRA JAYA",93050,KUCHING,1/1/1974,110.3827167,1.570366667
SARAWAK,PPD KUCHING,YBC1302,SEKOLAH JENIS KEBANGSAAN (CINA) STAMPIN,古晋实旦宾华小,"D/A PEJABAT PENDIDIKAN DAERAH KUCHING, JALAN DIPLOMATIK OFF JALAN BAKO PETRA JAYA",93050,KUCHING,1/1/1959,110.3547049,1.510732032
SARAWAK,PPD PADAWAN,YBC1303,SEKOLAH JENIS KEBANGSAAN (CINA) SG TENGAH,古晋双溪丁雅华小,"KOLONG 8, JALAN SG TENGAH",93050,KUCHING,1/1/1959,110.2145768,1.559845019
SARAWAK,PPD SERIAN,YBC1304,SEKOLAH JENIS KEBANGSAAN (CINA) BERATOK,来拓村华小,"BATU21, JALAN KUCHING/SERIAN",94200,KUCHING,1/1/1953,110.40773,1.311859
SARAWAK,PPD SERIAN,YBC1305,SEKOLAH JENIS KEBANGSAAN (CINA) TAPAH,大富村华小,"BT 23 1/2, JALAN KUCHING/SERIAN",94200,KUCHING,1/1/1942,110.412415,1.296596
SARAWAK,PPD SIBU,YBC3101,SEKOLAH JENIS KEBANGSAAN (CINA) TAMAN RAJANG,诗巫拉让花园华小,"D/A PEJABAT PENDIDIKAN DAERAH SIBU, TINGKAT 6, WISMA PERSEKUTUAN, BLOK 3, LOT 462, BROOKE DRIVE",96000,SIBU,2/1/1970,111.83715,2.30885
SARAWAK,PPD SIBU,YBC3201,SEKOLAH JENIS KEBANGSAAN (CINA) SANG MING,诗巫三民华小,"D/A PEJABAT PENDIDIKAN DAERAH SIBU, TINGKAT 6, WISMA PERSEKUTUAN, BLOK 3, LOT 462, BROOKE DRIVE",96000,SIBU,10/11/1967,112.0083109,2.285886678
SARAWAK,PPD MIRI,YBC4101,SEKOLAH JENIS KEBANGSAAN (CINA) NORTH,美里北校,"D/A PEJABAT PENDIDIKAN DAERAH MIRI, TINGKAT 2, WISMA PERSEKUTUAN, JALAN KIPAS",98000,MIRI,1/1/1958,113.9922,4.39545
SARAWAK,PPD MIRI,YBC4103,SEKOLAH JENIS KEBANGSAAN (CINA) TUKAU,美里都九华小,"D/A PEJABAT PENDIDIKAN DAERAH MIRI, TINGKAT 2, WISMA PERSEKUTUAN, JALAN KIPAS",98000,MIRI,1/1/1963,113.9579667,4.302616667
SARAWAK,PPD BARAM,YBC4302,SEKOLAH JENIS KEBANGSAAN SUNGAI JAONG MARUDI,马鲁帝三山华小,P.O.BOX 61,98050,"MARUDI, BARAM",21/7/1958,114.3331265,4.183087593
SARAWAK,PPD MIRI,YBC4303,SEKOLAH JENIS KEBANGSAAN (CINA) HUA KWONG,美里华公政府小学,"D/A PEJABAT PENDIDIKAN DAERAH MIRI, TINGKAT 2, WISMA PERSEKUTUAN, JALAN KIPAS",98000,MIRI,1/1/1957,114.1030222,3.9755333
SARAWAK,PPD SARIKEI,YBC6101,SEKOLAH JENIS KEBANGSAAN (CINA) CHUNG HIEN,泗里街群贤华小,"D/A PEJABAT PENDIDIKAN DAERAH SARIKEI, TINGKAT 1, WISMA PERSEKUTUAN, JALAN BANGUNAN KERAJAAN",96100,SARIKEI,10/1/1959,111.50655,2.00225
SARAWAK,PPD SARIKEI,YBC6102,SEKOLAH JENIS KEBANGSAAN (CINA) TIONG HO,泗里街中和华小,"D/A PEJABAT PENDIDIKAN DAERAH SARIKEI, TINGKAT 1, WISMA PERSEKUTUAN, JALAN BANGUNAN KERAJAAN",96100,SARIKEI,13/1/1959,111.5113528,2.0353222
SARAWAK,PPD SARIKEI,YBC6103,SEKOLAH JENIS KEBANGSAAN (CINA) SZE LU,泗里街泗芦华小,"D/A PEJABAT PENDIDIKAN DAERAH SARIKEI, TINGKAT 1, WISMA PERSEKUTUAN, JALAN BANGUNAN KERAJAAN",96100,SARIKEI,1/1/1926,111.5089251,2.058097031
SARAWAK,PPD SARIKEI,YBC6104,SEKOLAH JENIS KEBANGSAAN (CINA) MINAR,泗里街民那华小,"D/A PEJABAT PENDIDIKAN DAERAH SARIKEI, TINGKAT 1, WISMA PERSEKUTUAN, JALAN BANGUNAN KERAJAAN",96100,SARIKEI,1/1/1959,111.5625167,2.06265
SARAWAK,PPD SARIKEI,YBC6105,SEKOLAH JENIS KEBANGSAAN (CINA) NAM KIEW,泗里街南侨华小,"D/A PEJABAT PENDIDIKAN DAERAH SARIKEI, TINGKAT 1, WISMA PERSEKUTUAN, JALAN BANGUNAN KERAJAAN",96100,SARIKEI,30/6/1977,111.6052833,2.03515
SARAWAK,PPD SARIKEI,YBC6106,SEKOLAH JENIS KEBANGSAAN (CINA) SU LOK,泗里街泗乐华小,"D/A PEJABAT PENDIDIKAN DAERAH SARIKEI, TINGKAT 1, WISMA PERSEKUTUAN, JALAN BANGUNAN KERAJAAN",96100,SARIKEI,1/1/1946,111.5037,2.098716667
SARAWAK,PPD SARIKEI,YBC6107,SEKOLAH JENIS KEBANGSAAN (CINA) KIEW MANG,泗里街侨民华小,"D/A PEJABAT PENDIDIKAN DAERAH SARIKEI, TINGKAT 1, WISMA PERSEKUTUAN, JALAN BANGUNAN KERAJAAN",96100,SARIKEI,1/1/1954,111.4864295,2.029894849
SARAWAK,PPD SARIKEI,YBC6108,SEKOLAH JENIS KEBANGSAAN (CINA) HUA KEE,泗里街华基华小,"D/A PEJABAT PENDIDIKAN DAERAH SARIKEI, TINGKAT 1, WISMA PERSEKUTUAN, JALAN BANGUNAN KERAJAAN",96100,SARIKEI,1/1/1946,111.5871833,2.0140333
SARAWAK,PPD SARIKEI,YBC6109,SEKOLAH JENIS KEBANGSAAN (CINA) HUA NAM,泗里街华南华小,"D/A PEJABAT PENDIDIKAN DAERAH SARIKEI, TINGKAT 1, WISMA PERSEKUTUAN, JALAN BANGUNAN KERAJAAN",96100,SARIKEI,1/1/1947,111.6121861,2.084910304
SARAWAK,PPD DARO,YBC6401,SEKOLAH KEBANGSAAN CAMPORAN,拉佬县达乐综合华小,D/A PEJABAT PENDIDIKAN DAERAH DARO,96200,DARO,1/1/1961,111.431389,2.513056
SARAWAK,PPD SERIAN,YBC8201,SEKOLAH JENIS KEBANGSAAN (CINA) SG MENYAN,西连明源华小,"D/A PEJABAT PENDIDIKAN DAERAH SERIAN, BATU 1, JALAN SERIAN/SRI AMAN",94700,SERIAN,1/1/1964,110.7066086,1.04331047
SARAWAK,PPD SERIAN,YBC8202,SEKOLAH JENIS KEBANGSAAN (CINA) PANGKALAN BEDUP,西连孟禄华小,"BATU 7, JALAN SERIAN/SRI AMAN",94700,SERIAN,1/1/1969,110.6338817,1.087203346
SARAWAK,PPD BINTULU,YBC9101,SEKOLAH JENIS KEBANGSAAN (CINA) SEBIEW CHINESE,实比河华小,"D/A PEJABAT PENDIDIKAN DAERAH BINTULU, KM. 5, JALAN SULTAN ISKANDAR",97000,BINTULU,1/1/1964,113.084167,3.199267
SARAWAK,PPD BINTULU,YBC9102,SEKOLAH JENIS KEBANGSAAN (CINA) KAI MING,民都鲁开明华小,"KM 12, JALAN BINTULU TATAU",97012,BINTULU,31/3/2014,113.095423,3.16874
SARAWAK,PPD KUCHING,YBH1202,SEKOLAH KEBANGSAAN SONG KHENG HAI,宋庆海政府小学,"D/A PEJABAT PENDIDIKAN DAERAH KUCHING, JALAN DIPLOMATIK OFF JALAN BAKO PETRA JAYA",93050,KUCHING,1/1/1966,110.354633,1.555233
SARAWAK,PPD KUCHING,YBH1301,SEKOLAH KEBANGSAAN KENYALANG,肯雅兰政府小学,JLN DATO BANDAR,93300,KUCHING,1/1/1971,110.366617,1.5375
SARAWAK,PPD SIBU,YBH3101,SEKOLAH KEBANGSAAN SIBU BANDARAN NO 2,诗巫巿镇政府二小,"D/A PEJABAT PENDIDIKAN DAERAH SIBU, TINGKAT 6, WISMA PERSEKUTUAN, BLOK 3, LOT 462, BROOKE DRIVE",96000,SIBU,1/1/1961,111.84395,2.27495
SARAWAK,PPD SIBU,YBH3102,SEKOLAH KEBANGSAAN PERBANDARAN SIBU NO. 4,诗巫巿镇政府四小,"D/A PEJABAT PENDIDIKAN DAERAH SIBU, TINGKAT 6, WISMA PERSEKUTUAN, BLOK 3, LOT 462, BROOKE DRIVE",96000,SIBU,1/1/1963,111.839833,2.299883
SARAWAK,PPD BAU,YCC1101,SEKOLAH JENIS KEBANGSAAN (CINA) CHUNG HUA TAITON,大段中华公学,D/A PEJABAT PENDIDIKAN DAERAH BAU,94000,BAU,1/1/1946,110.1311,1.404316667
SARAWAK,PPD BAU,YCC1102,SEKOLAH JENIS KEBANGSAAN (CINA) CHUNG HUA PAKU,砂南坡中华公学,D/A PEJABAT PENDIDIKAN DAERAH BAU,94000,BAU,1/1/1870 00:00,110.1900167,1.42215
SARAWAK,PPD BAU,YCC1103,SEKOLAH JENIS KEBANGSAAN (CINA) CHUNG HUA TONDONG,短廊中华公学,PEKAN TONDONG JALAN TONDONG BATU KAWA,94000,BAU,24/9/1935,110.158,1.454283333
SARAWAK,PPD BAU,YCC1104,SEKOLAH JENIS KEBANGSAAN (CINA) CHUNG HUA SEBUKU,烧炭岗中华公学,D/A PEJABAT PENDIDIKAN DAERAH BAU,94000,BAU,1/1/1938,110.1608667,1.435383333
SARAWAK,PPD BAU,YCC1105,SEKOLAH JENIS KEBANGSAAN (CINA) CHUNG HUA MUSI,模西中华公学,D/A PEJABAT PENDIDIKAN DAERAH BAU,94000,BAU,1/1/1934,110.1944167,1.470733333
SARAWAK,PPD BAU,YCC1106,SEKOLAH JENIS KEBANGSAAN (CINA) CHUNG HUA BUSO,武梭中华公学,D/A PEJABAT PENDIDIKAN DAERAH BAU,94000,BAU,1/1/1916,110.1834167,1.450116667
SARAWAK,PPD BAU,YCC1107,SEKOLAH JENIS KEBANGSAAN (CINA) CHUNG HUA SINIAWAN,新尧湾中华公学,D/A PEJABAT PENDIDIKAN DAERAH BAU,94000,BAU,1/1/1925,110.2216167,1.446366667
SARAWAK,PPD BAU,YCC1108,SEKOLAH JENIS KEBANGSAAN (CINA) CHUNG HUA BAU,石隆门中华公学,D/A PEJABAT PENDIDIKAN DAERAH BAU,94000,BAU,1/1/1862 00:00,110.15645,1.41345
SARAWAK,PPD BAU,YCC1109,SEKOLAH JENIS KEBANGSAAN (CINA) CHUNG HUA KRANJI,加兰依中华公学,D/A PEJABAT PENDIDIKAN DAERAH BAU,94000,BAU,1/1/1931,110.2668333,1.450033333
SARAWAK,PPD KUCHING,YCC1201,SEKOLAH JENIS KEBANGSAAN (CINA) ST PAUL,古晋圣保禄华小,JALAN GREEN,93150,KUCHING,6/1/1954,110.3388235,1.537017768
SARAWAK,PPD KUCHING,YCC1202,SEKOLAH JENIS KEBANGSAAN (CINA) CHUNG HUA 1,古晋中华华小第一校,"NO.1 , JALAN TABUAN",93100,KUCHING,1/1/1946,110.3477167,1.551483333
SARAWAK,PPD KUCHING,YCC1203,SEKOLAH JENIS KEBANGSAAN (CINA) CHUNG HUA 2,古晋中华华小第二校,"D/A PEJABAT PENDIDIKAN DAERAH KUCHING, JALAN DIPLOMATIK OFF JALAN BAKO PETRA JAYA",93050,KUCHING,1/1/1946,110.3864461,1.507820834
SARAWAK,PPD KUCHING,YCC1204,SEKOLAH JENIS KEBANGSAAN (CINA) CHUNG HUA 3,古晋中华华小第三校,"D/A PEJABAT PENDIDIKAN DAERAH KUCHING, JALAN DIPLOMATIK OFF JALAN BAKO PETRA JAYA",93050,KUCHING,11/4/1945,110.3616667,1.551933333
SARAWAK,PPD KUCHING,YCC1205,SEKOLAH JENIS KEBANGSAAN (CINA) CHUNG HUA NO.4 KUCHING,古晋中华华小第四校,"D/A PEJABAT PENDIDIKAN DAERAH KUCHING, JALAN DIPLOMATIK OFF JALAN BAKO PETRA JAYA",93050,KUCHING,1/11/1945,110.3366333,1.548666667
SARAWAK,PPD KUCHING,YCC1206,SEKOLAH JENIS KEBANGSAAN (CINA) CHUNG HUA PENDING,古晋槟岭中华公学,"D/A PEJABAT PENDIDIKAN DAERAH KUCHING, JALAN DIPLOMATIK OFF JALAN BAKO PETRA JAYA",93450,KUCHING,1/1/1947,110.3807167,1.551866667
SARAWAK,PPD PADAWAN,YCC1207,SEKOLAH JENIS KEBANGSAAN (CINA) CHUNG HUA NO.6,古晋中华华小第六校,"D/A PEJABAT PENDIDIKAN DAERAH PADAWAN, LORONG 17, OFF JALAN KAPOR, SUNGAI MAONG HILIR",93150,KUCHING,1/1/1998,110.318267,1.53395
SARAWAK,PPD KUCHING,YCC1301,SEKOLAH JENIS KEBANGSAAN (CINA) CHUNG HUA NO. 5,古晋中华华小第五校,"D/A PEJABAT PENDIDIKAN DAERAH KUCHING, JALAN DIPLOMATIK OFF JALAN BAKO PETRA JAYA",93050,KUCHING,1/11/1945,110.3615981,1.543695395
SARAWAK,PPD PADAWAN,YCC1302,SEKOLAH JENIS KEBANGSAAN (CINA) CHUNG HUA SG TENGAH,古晋葫芦顶中华公学,"D/A PEJABAT PENDIDIKAN DAERAH PADAWAN, LORONG 17, OFF JALAN KAPOR, SUNGAI MAONG HILIR",93150,KUCHING,1/1/1923,110.257217,1.5536
SARAWAK,PPD PADAWAN,YCC1303,SEKOLAH JENIS KEBANGSAAN (CINA) CHUNG HUA BATU 8 1/2,古晋长楠中华公学,"D/A PEJABAT PENDIDIKAN DAERAH PADAWAN, LORONG 17, OFF JALAN KAPOR, SUNGAI MAONG HILIR",93150,KUCHING,1/1/1947,110.3115005,1.462411827
SARAWAK,PPD PADAWAN,YCC1305,SEKOLAH JENIS KEBANGSAAN (CINA) CHUNG HUA SG.TAPANG,古晋答邦中华公学,"MJC BATU KAWAH NEW TOWNSHIP, JALAN BATU KAWA",93250,KUCHING,1/1/1939,110.3047466,1.517067963
SARAWAK,PPD PADAWAN,YCC1306,SEKOLAH JENIS KEBANGSAAN (CINA) SAM HAP HIN,古晋三合兴华小,"D/A PEJABAT PENDIDIKAN DAERAH PADAWAN, LORONG 17, OFF JALAN KAPOR, SUNGAI MAONG HILIR",93150,KUCHING,1/1/1937,110.3303,1.471667
SARAWAK,PPD PADAWAN,YCC1307,SEKOLAH JENIS KEBANGSAAN (CINA) CHUNG HUA BATU 11,马当十一哩中华公学,"D/A PEJABAT PENDIDIKAN DAERAH PADAWAN, LORONG 17, OFF JALAN KAPOR, SUNGAI MAONG HILIR",93050,KUCHING,20/3/1954,110.223461,1.61421085
SARAWAK,PPD PADAWAN,YCC1308,SEKOLAH JENIS KEBANGSAAN (CINA) CHUNG HUA SEJIJAK,石角西里益中华公学,"D/A PEJABAT PENDIDIKAN DAERAH PADAWAN, LORONG 17, OFF JALAN KAPOR, SUNGAI MAONG HILIR",93150,KUCHING,1/1/1939,110.279233,1.54575
SARAWAK,PPD PADAWAN,YCC1310,SEKOLAH JENIS KEBANGSAAN (CINA) CHUNG HUA BATU 15,古晋十五 哩中华公学,"D/A PEJABAT PENDIDIKAN DAERAH PADAWAN, LORONG 17, OFF JALAN KAPOR, SUNGAI MAONG HILIR",93150,KUCHING,1/1/1953,110.320169,1.359656
SARAWAK,PPD KUCHING,YCC1311,SEKOLAH JENIS KEBANGSAAN (CINA) CHUNG HUA SG BUDA,古晋水塘路中华公学,JALAN SUNGAI BAKO,93050,KUCHING,1/1/1933,110.4609333,1.674866667
SARAWAK,PPD PADAWAN,YCC1312,SEKOLAH JENIS KEBANGSAAN (CINA) CHUNG HUA BT KITANG,古晋峇都吉当中华公学,"D/A PEJABAT PENDIDIKAN DAERAH PADAWAN, LORONG 17, OFF JALAN KAPOR, SUNGAI MAONG HILIR",93150,KUCHING,12/1/1950,110.281917,1.449383
SARAWAK,PPD PADAWAN,YCC1313,SEKOLAH JENIS KEBANGSAAN (CINA) CHUNG HUA SG MOYAN,古晋味源港中华公学,"LORONG PEI YUAN , JALAN BATU KAWA MATANG",93250,KUCHING,1/1/1940,110.249919,1.505201891
SARAWAK,PPD PADAWAN,YCC1314,SEKOLAH JENIS KEBANGSAAN (CINA) CHUNG HUA BT KAWA,古晋石角中华公学,"D/A PEJABAT PENDIDIKAN DAERAH PADAWAN, LORONG 17, OFF JALAN KAPOR, SUNGAI MAONG HILIR",93150,KUCHING,1/1/1920,110.270767,1.511683
SARAWAK,PPD PADAWAN,YCC1315,SEKOLAH JENIS KEBANGSAAN (CINA) CHUNG HUA SG. LUBAK,古晋五哩八港中华公学,"D/A PEJABAT PENDIDIKAN DAERAH PADAWAN, LORONG 17, OFF JALAN KAPOR, SUNGAI MAONG HILIR",93150,KUCHING,1/1/1949,110.3202364,1.489613541
SARAWAK,PPD PADAWAN,YCC1316,SEKOLAH JENIS KEBANGSAAN (CINA) CHUNG HUA STAPOK,古晋尖山中华公学,"D/A PEJABAT PENDIDIKAN DAERAH PADAWAN, LORONG 17, OFF JALAN KAPOR, SUNGAI MAONG HILIR",93250,KUCHING,1/1/1947,110.2894,1.50995
SARAWAK,PPD PADAWAN,YCC1317,SEKOLAH JENIS KEBANGSAAN (CINA) CHUNG HUA KIM CHOO SENG,古晋金珠盛中华公学,"D/A PEJABAT PENDIDIKAN DAERAH PADAWAN, LORONG 17, OFF JALAN KAPOR, SUNGAI MAONG HILIR",93150,KUCHING,1/6/1945,110.2577966,1.529088644
SARAWAK,PPD PADAWAN,YCC1318,SEKOLAH JENIS KEBANGSAAN (CINA) CHUNG HUA RANTAU PANJANG,古晋上湾头中华公学,"D/A PEJABAT PENDIDIKAN DAERAH PADAWAN, LORONG 17, OFF JALAN KAPOR, SUNGAI MAONG HILIR",93150,KUCHING,1/1/1932,110.2662443,1.48244505
SARAWAK,PPD PADAWAN,YCC1319,SEKOLAH JENIS KEBANGSAAN (CINA) CHUNG HUA STAMPIN,古晋七哩实胆宾中华公学,"D/A PEJABAT PENDIDIKAN DAERAH PADAWAN, LORONG 17, OFF JALAN KAPOR, SUNGAI MAONG HILIR",93150,KUCHING,1/1/1938,110.3533333,1.477166667
SARAWAK,PPD KUCHING,YCC1321,SEKOLAH JENIS KEBANGSAAN (CINA) CHUNG HUA BUNTAL,古晋文丹中华公学,"D/A PEJABAT PENDIDIKAN DAERAH KUCHING, JALAN DIPLOMATIK OFF JALAN BAKO PETRA JAYA",93050,KUCHING,1/1/1949,110.3697467,1.7011985
SARAWAK,PPD PADAWAN,YCC1322,SEKOLAH JENIS KEBANGSAAN (CINA) CHUNG HUA BATU 4 1/2,古晋四哩半中华公学,"JLN DATUK AMAR KALONG NINGKAN, BATU 4 1/2",93250,KUCHING,1/1/1936,110.3326,1.501883333
SARAWAK,PPD SAMARAHAN,YCC1323,SEKOLAH JENIS KEBANGSAAN (CINA) CHUNG HUA BELIONG,三马拉汉吻龙中华公学,"D/A PEJABAT PENDIDIKAN DAERAH SAMARAHAN, JALAN DATO MOHD MUSA",94300,KOTA SAMARAHAN,1/1/1942,110.4891533,1.577144717
SARAWAK,PPD PADAWAN,YCC1324,SEKOLAH JENIS KEBANGSAAN (CINA) CHUNG HUA PANGKALAN BARU,石角新梯头中华公学,"D/A PEJABAT PENDIDIKAN DAERAH PADAWAN, LORONG 17, OFF JALAN KAPOR, SUNGAI MAONG HILIR",93150,KUCHING,1/1/1918,110.286983,1.477
SARAWAK,PPD PADAWAN,YCC1327,SEKOLAH JENIS KEBANGSAAN (CINA) CHUNG HUA BATU 10,古晋十哩中华公学,"D/A PEJABAT PENDIDIKAN DAERAH PADAWAN, LORONG 17, OFF JALAN KAPOR, SUNGAI MAONG HILIR",93250,KUCHING,1/1/1946,110.325425,1.424636
SARAWAK,PPD PADAWAN,YCC1329,SEKOLAH JENIS KEBANGSAAN (CINA) CHUNG HUA SYN-SAN-TU,古晋新上肚中华公学,"D/A PEJABAT PENDIDIKAN DAERAH PADAWAN, LORONG 17, OFF JALAN KAPOR, SUNGAI MAONG HILIR",93150,KUCHING,1/1/1938,110.2382,1.526983
SARAWAK,PPD PADAWAN,YCC1330,SEKOLAH JENIS KEBANGSAAN (CINA) CHUNG HUA SG TAPANG BT KAWA,古晋甲港中华公学,"D/A PEJABAT PENDIDIKAN DAERAH PADAWAN, LORONG 17, OFF JALAN KAPOR, SUNGAI MAONG HILIR",93250,KUCHING,1/1/1955,110.2753439,1.462956825
SARAWAK,PPD PADAWAN,YCC1331,SEKOLAH JENIS KEBANGSAAN (CINA) CHUNG HUA BATU 7,古晋马当七哩中华公学,"D/A PEJABAT PENDIDIKAN DAERAH PADAWAN, LORONG 17, OFF JALAN KAPOR, SUNGAI MAONG HILIR",93150,KUCHING,1/1/1936,110.2558,1.576333333
SARAWAK,PPD SERIAN,YCC1334,SEKOLAH JENIS KEBANGSAAN (CINA) CHUNG HUA SIBURAN,古晋新生村中华公学,BATU 17 JALAN KUCHING SERIAN,94200,KUCHING,1/1/1946,110.4056025,1.362097244
SARAWAK,PPD LUNDU,YCC1401,SEKOLAH JENIS KEBANGSAAN (CINA) CHUNG HUA SEMATAN,三马丹中华公学,D/A PEJABAT PENDIDIKAN DAERAH LUNDU,94500,LUNDU,1/1/1948,109.7775216,1.804514746
SARAWAK,PPD LUNDU,YCC1402,SEKOLAH JENIS KEBANGSAAN (CINA) CHUNG HUA LUNDU,伦乐中华公学,D/A PEJABAT PENDIDIKAN DAERAH LUNDU,94500,LUNDU,8/1/1931,109.8522625,1.673111537
SARAWAK,PPD LUNDU,YCC1404,SEKOLAH JENIS KEBANGSAAN (CINA) CHUNG HUA SERAYAN/SELARAT,砂拉央砂拉叻中华公学,D/A PEJABAT PENDIDIKAN DAERAH LUNDU,94500,LUNDU,1/1/1958,109.77835,1.73735
SARAWAK,PPD BETONG,YCC2102,SEKOLAH JENIS KEBANGSAAN (CINA) CHUNG HUA MELUDAM,裕南中华公学,"D/A PEJABAT PENDIDIKAN DAERAH BETONG, JALAN YONG SHAU NEN",95700,BETONG,13/2/1947,111.0378695,1.660627635
SARAWAK,PPD SRI AMAN,YCC2103,SEKOLAH JENIS KEBANGSAAN (CINA) CHUNG HUA SIMANGGANG,成邦江中华公学,"D/A PEJABAT PENDIDIKAN DAERAH SRI AMAN, TINGKAT 2, WISMA PERSEKUTUAN, JALAN ABANG AING",95007,SRI AMAN,26/1/1929,111.4655167,1.230916667
SARAWAK,PPD SRI AMAN,YCC2104,SEKOLAH JENIS KEBANGSAAN (CINA) CHUNG HUA BANGKONG,横江中华公学,"D/A PEJABAT PENDIDIKAN DAERAH SRI AMAN, TINGKAT 2, WISMA PERSEKUTUAN, JALAN ABANG AING",95007,SRI AMAN,1/1/1952,111.1928804,1.119160038
SARAWAK,PPD SRI AMAN,YCC2105,SEKOLAH JENIS KEBANGSAAN (CINA) CHUNG HUA UNDOP,丰洛中华公学,"D/A PEJABAT PENDIDIKAN DAERAH SRI AMAN, TINGKAT 2, WISMA PERSEKUTUAN, JALAN ABANG AING",95007,SRI AMAN,27/8/1955,111.552869,1.025166
SARAWAK,PPD SRI AMAN,YCC2106,SEKOLAH JENIS KEBANGSAAN (CINA) CHUNG HUA PANTU,板督中华公学,"D/A PEJABAT PENDIDIKAN DAERAH SRI AMAN, TINGKAT 2, WISMA PERSEKUTUAN, JALAN ABANG AING",95007,SRI AMAN,6/11/1931,111.1174366,1.141696359
SARAWAK,PPD SRI AMAN,YCC2107,SEKOLAH JENIS KEBANGSAAN (CINA) CHUNG HUA LINGGA,龙呀中华公学,KAMPUNG LINGGA,94900,LINGGA,29/3/1928,111.169989,1.353609
SARAWAK,PPD SARATOK,YCC2201,SEKOLAH JENIS KEBANGSAAN (CINA) CHUNG HUA ROBAN,荷万中华公学,"D/A PEJABAT PENDIDIKAN DAERAH SARATOK, TINGKAT 1, WISMA PERSEKUTUAN, JALAN SARATOK",95407,SARATOK,1/1/1947,111.3054729,1.885595762
SARAWAK,PPD SARATOK,YCC2202,SEKOLAH JENIS KEBANGSAAN (CINA) MIN SYN SARATOK,砂拉卓铭新华小,"D/A PEJABAT PENDIDIKAN DAERAH SARATOK, TINGKAT 1, WISMA PERSEKUTUAN, JALAN SARATOK",95407,SARATOK,1/1/1919,111.3360358,1.739094099
SARAWAK,PPD SARATOK,YCC2203,SEKOLAH JENIS KEBANGSAAN (CINA) CHUNG HUA KABONG,甲望中华公学,"D/A PEJABAT PENDIDIKAN DAERAH SARATOK, TINGKAT 1, WISMA PERSEKUTUAN, JALAN SARATOK",95407,SARATOK,1/1/1952,111.120502,1.800552138
SARAWAK,PPD LUBOK ANTU,YCC2301,SEKOLAH JENIS KEBANGSAAN (CINA) CHUNG HUA ENGKILILI,英吉利里中华公学,D/A PEJABAT PENDIDIKAN DAERAH LUBOK ANTU,95900,LUBOK ANTU,1/1/1921,111.667337,1.141019
SARAWAK,PPD BETONG,YCC2401,SEKOLAH JENIS KEBANGSAAN (CINA) CHUNG HUA BETONG,木中中华公学,"D/A PEJABAT PENDIDIKAN DAERAH BETONG, JALAN YONG SHAU NEN",95700,BETONG,1/1/1925,111.5260119,1.411046715
SARAWAK,PPD BETONG,YCC2402,SEKOLAH JENIS KEBANGSAAN (CINA) CHUNG HUA DEBAK,宁木中华公学,"D/A PEJABAT PENDIDIKAN DAERAH BETONG, JALAN YONG SHAU NEN",95700,BETONG,1/1/1933,111.4212424,1.564425602
SARAWAK,PPD BETONG,YCC2403,SEKOLAH JENIS KEBANGSAAN (CINA) CHUNG HUA SPAOH,实巴荷中华公学,"D/A PEJABAT PENDIDIKAN DAERAH BETONG, JALAN YONG SHAU NEN",95700,BETONG,4/3/1933,111.4808415,1.454276588
SARAWAK,PPD BETONG,YCC2404,SEKOLAH JENIS KEBANGSAAN (CINA) CHUNG HUA PUSA,浮萨中华公学,"D/A PEJABAT PENDIDIKAN DAERAH BETONG, JALAN YONG SHAU NEN",95700,BETONG,1/1/1929,111.29725,1.634198458
SARAWAK,PPD SIBU,YCC3101,SEKOLAH JENIS KEBANGSAAN (CINA) SACRED HEART CHINESE,诗巫圣心华小,"D/A PEJABAT PENDIDIKAN DAERAH SIBU, TINGKAT 6, WISMA PERSEKUTUAN, BLOK 3, LOT 462, BROOKE DRIVE",96000,SIBU,30/6/1952,111.834183,2.286517
SARAWAK,PPD SIBU,YCC3103,SEKOLAH JENIS KEBANGSAAN (CINA) TUNG HUA,诗巫敦化华小,"D/A PEJABAT PENDIDIKAN DAERAH SIBU, TINGKAT 6, WISMA PERSEKUTUAN, BLOK 3, LOT 462, BROOKE DRIVE",96000,SIBU,1/1/1922,111.831283,2.309067
SARAWAK,PPD SIBU,YCC3104,SEKOLAH JENIS KEBANGSAAN (CINA) GUONG ANN,诗巫光安华小,"D/A PEJABAT PENDIDIKAN DAERAH SIBU, TINGKAT 6, WISMA PERSEKUTUAN, BLOK 3, LOT 462, BROOKE DRIVE",96000,SIBU,1/1/1905,111.8376027,2.320908012
SARAWAK,PPD SIBU,YCC3105,SEKOLAH JENIS KEBANGSAAN (CINA) CHUNG HUA,诗巫中华华小,"D/A PEJABAT PENDIDIKAN DAERAH SIBU, TINGKAT 6, WISMA PERSEKUTUAN, BLOK 3, LOT 462, BROOKE DRIVE",96000,SIBU,1/1/1916,111.8268,2.289733333
SARAWAK,PPD SIBU,YCC3106,SEKOLAH JENIS KEBANGSAAN (CINA) DUNG SANG,诗巫东山华小,"D/A PEJABAT PENDIDIKAN DAERAH SIBU, TINGKAT 6, WISMA PERSEKUTUAN, BLOK 3, LOT 462, BROOKE DRIVE",96000,SIBU,1/1/1929,111.8518667,2.306616667
SARAWAK,PPD SIBU,YCC3107,SEKOLAH JENIS KEBANGSAAN (CINA) THAI KWANG,诗巫大群华小,"D/A PEJABAT PENDIDIKAN DAERAH SIBU, TINGKAT 6, WISMA PERSEKUTUAN, BLOK 3, LOT 462, BROOKE DRIVE",96000,SIBU,1/1/1933,111.8485167,2.241583333
SARAWAK,PPD SIBU,YCC3108,SEKOLAH JENIS KEBANGSAAN (CINA) UK DAIK,诗巫育德华小,"D/A PEJABAT PENDIDIKAN DAERAH SIBU, TINGKAT 6, WISMA PERSEKUTUAN, BLOK 3, LOT 462, BROOKE DRIVE",96000,SIBU,1/1/1926,111.8357816,2.28741035
SARAWAK,PPD SIBU,YCC3109,SEKOLAH JENIS KEBANGSAAN (CINA) TIONG HIN,诗巫中兴华小,"D/A PEJABAT PENDIDIKAN DAERAH SIBU, TINGKAT 6, WISMA PERSEKUTUAN, BLOK 3, LOT 462, BROOKE DRIVE",96000,SIBU,1/1/1919,111.84305,2.332383333
SARAWAK,PPD SIBU,YCC3110,SEKOLAH JENIS KEBANGSAAN (CINA) EK THEI,诗巫益智华小,"D/A PEJABAT PENDIDIKAN DAERAH SIBU, TINGKAT 6, WISMA PERSEKUTUAN, BLOK 3, LOT 462, BROOKE DRIVE",96000,SIBU,1/1/1920,111.8440833,2.280333333
SARAWAK,PPD SIBU,YCC3111,SEKOLAH JENIS KEBANGSAAN (CINA) CHUNG SING,诗巫中心华小,"D/A PEJABAT PENDIDIKAN DAERAH SIBU, TINGKAT 6, WISMA PERSEKUTUAN, BLOK 3, LOT 462, BROOKE DRIVE",96000,SIBU,1/1/1956,111.8435333,2.285
SARAWAK,PPD SIBU,YCC3112,SEKOLAH JENIS KEBANGSAAN (CINA) KIEW NANG,诗巫侨南华小,"D/A PEJABAT PENDIDIKAN DAERAH SIBU, TINGKAT 6, WISMA PERSEKUTUAN, BLOK 3, LOT 462, BROOKE DRIVE",96000,SIBU,18/2/1938,111.8641636,2.2536598
SARAWAK,PPD SIBU,YCC3113,SEKOLAH JENIS KEBANGSAAN (CINA) THIAN HUA,诗巫天化华小,"D/A PEJABAT PENDIDIKAN DAERAH SIBU, TINGKAT 6, WISMA PERSEKUTUAN, BLOK 3, LOT 462, BROOKE DRIVE",96000,SIBU,1/1/1999,111.9752211,2.245338254
SARAWAK,PPD SIBU,YCC3201,SEKOLAH JENIS KEBANGSAAN (CINA) THIAN CHIN,诗巫天真华小,"D/A PEJABAT PENDIDIKAN DAERAH SIBU, TINGKAT 6, WISMA PERSEKUTUAN, BLOK 3, LOT 462, BROOKE DRIVE",96000,SIBU,13/4/1955,111.891981,2.306232
SARAWAK,PPD SIBU,YCC3203,SEKOLAH JENIS KEBANGSAAN (CINA) YONG CHENG,诗巫养正华小,"D/A PEJABAT PENDIDIKAN DAERAH SIBU, TINGKAT 6, WISMA PERSEKUTUAN, BLOK 3, LOT 462, BROOKE DRIVE",96000,SIBU,1/1/1967,111.7569036,2.171848297
SARAWAK,PPD SIBU,YCC3205,SEKOLAH JENIS KEBANGSAAN (CINA) DO NANG,诗巫道南华小,"D/A PEJABAT PENDIDIKAN DAERAH SIBU, TINGKAT 6, WISMA PERSEKUTUAN, BLOK 3, LOT 462, BROOKE DRIVE",96000,SIBU,1/1/1920,111.806708,2.27666
SARAWAK,PPD SIBU,YCC3206,SEKOLAH JENIS KEBANGSAAN (CINA) GUONG MING,诗巫光民华小,"D/A PEJABAT PENDIDIKAN DAERAH SIBU, TINGKAT 6, WISMA PERSEKUTUAN, BLOK 3, LOT 462, BROOKE DRIVE",96000,SIBU,20/10/1932,111.80873,2.32392
SARAWAK,PPD SIBU,YCC3208,SEKOLAH JENIS KEBANGSAAN (CINA) KENG NANG,诗巫竞南华小,"D/A PEJABAT PENDIDIKAN DAERAH SIBU, TINGKAT 6, WISMA PERSEKUTUAN, BLOK 3, LOT 462, BROOKE DRIVE",96000,SIBU,1/2/1914,111.7588654,2.2537348
SARAWAK,PPD SIBU,YCC3209,SEKOLAH JENIS KEBANGSAAN (CINA) CHUNG UNG,诗巫崇文华小,"D/A PEJABAT PENDIDIKAN DAERAH SIBU, TINGKAT 6, WISMA PERSEKUTUAN, BLOK 3, LOT 462, BROOKE DRIVE",96000,SIBU,1/1/1939,111.9189514,2.19365926
SARAWAK,PPD SIBU,YCC3210,SEKOLAH JENIS KEBANGSAAN (CINA) TUNG KIEW,诗巫同侨华小,"D/A PEJABAT PENDIDIKAN DAERAH SIBU, TINGKAT 6, WISMA PERSEKUTUAN, BLOK 3, LOT 462, BROOKE DRIVE",96000,SIBU,12/4/1946,111.9944896,2.147078903
SARAWAK,PPD SIBU,YCC3211,SEKOLAH JENIS KEBANGSAAN (CINA) NANG KIANG,诗巫南江华小,"D/A PEJABAT PENDIDIKAN DAERAH SIBU, TINGKAT 6, WISMA PERSEKUTUAN, BLOK 3, LOT 462, BROOKE DRIVE",96000,SIBU,1/1/1923,111.830271,2.240923
SARAWAK,PPD SIBU,YCC3212,SEKOLAH JENIS KEBANGSAAN (CINA) HANG KWONG,诗巫汉光华小,"D/A PEJABAT PENDIDIKAN DAERAH SIBU, TINGKAT 6, WISMA PERSEKUTUAN, BLOK 3, LOT 462, BROOKE DRIVE",96000,SIBU,1/1/1926,111.8890503,2.208984467
SARAWAK,PPD SIBU,YCC3213,SEKOLAH JENIS KEBANGSAAN (CINA) YONG SHING,诗巫养成华小,"D/A PEJABAT PENDIDIKAN DAERAH SIBU, TINGKAT 6, WISMA PERSEKUTUAN, BLOK 3, LOT 462, BROOKE DRIVE",96000,SIBU,1/1/1921,111.9591747,2.157629718
SARAWAK,PPD SIBU,YCC3215,SEKOLAH JENIS KEBANGSAAN (CINA) SU LAI,诗巫士来华小,"D/A PEJABAT PENDIDIKAN DAERAH SIBU, TINGKAT 6, WISMA PERSEKUTUAN, BLOK 3, LOT 462, BROOKE DRIVE",96000,SIBU,1/3/1924,111.84745,2.319933333
SARAWAK,PPD SIBU,YCC3217,SEKOLAH JENIS KEBANGSAAN (CINA) TING SING,诗巫鼎新华小,"D/A PEJABAT PENDIDIKAN DAERAH SIBU, TINGKAT 6, WISMA PERSEKUTUAN, BLOK 3, LOT 462, BROOKE DRIVE",96000,SIBU,1/1/1933,111.7968415,2.322407086
SARAWAK,PPD SIBU,YCC3219,SEKOLAH JENIS KEBANGSAAN (CINA) SUNG SANG,诗巫嵩山华小,"D/A PEJABAT PENDIDIKAN DAERAH SIBU, TINGKAT 6, WISMA PERSEKUTUAN, BLOK 3, LOT 462, BROOKE DRIVE",96000,SIBU,1/1/1933,111.88356,2.245373431
SARAWAK,PPD SIBU,YCC3220,SEKOLAH JENIS KEBANGSAAN (CINA) NANG SANG,诗巫南山华小,"D/A PEJABAT PENDIDIKAN DAERAH SIBU, TINGKAT 6, WISMA PERSEKUTUAN, BLOK 3, LOT 462, BROOKE DRIVE",96000,SIBU,1/1/1939,111.8652778,2.3325
SARAWAK,PPD SIBU,YCC3221,SEKOLAH JENIS KEBANGSAAN (CINA) SAM LAM,诗巫三南华小,SUNGAI NAMAN,96000,SIBU,20/6/1924,111.94618,2.16889
SARAWAK,PPD SIBU,YCC3222,SEKOLAH JENIS KEBANGSAAN (CINA) KWONG HUA,诗巫光华华小,"D/A PEJABAT PENDIDIKAN DAERAH SIBU, TINGKAT 6, WISMA PERSEKUTUAN, BLOK 3, LOT 462, BROOKE DRIVE",96000,SIBU,1/1/1916,111.79901,2.248337
SARAWAK,PPD SIBU,YCC3223,SEKOLAH JENIS KEBANGSAAN (CINA) ING GUONG,诗巫荣光华小,"D/A PEJABAT PENDIDIKAN DAERAH SIBU, TINGKAT 6, WISMA PERSEKUTUAN, BLOK 3, LOT 462, BROOKE DRIVE",96000,SIBU,1/1/1932,111.7981474,2.291529341
SARAWAK,PPD SIBU,YCC3225,SEKOLAH JENIS KEBANGSAAN (CINA) SING MING,诗巫新民华小,"D/A PEJABAT PENDIDIKAN DAERAH SIBU, TINGKAT 6, WISMA PERSEKUTUAN, BLOK 3, LOT 462, BROOKE DRIVE",96000,SIBU,1/1/1920,111.826673,2.263846815
SARAWAK,PPD SIBU,YCC3226,SEKOLAH JENIS KEBANGSAAN (CINA) UNG NANG,诗巫榕南华小,"D/A PEJABAT PENDIDIKAN DAERAH SIBU, TINGKAT 6, WISMA PERSEKUTUAN, BLOK 3, LOT 462, BROOKE DRIVE",96000,SIBU,1/1/1912,111.7363889,2.2794444
SARAWAK,PPD SIBU,YCC3228,SEKOLAH JENIS KEBANGSAAN (CINA) KWONG KOK,诗巫光国华小,"D/A PEJABAT PENDIDIKAN DAERAH SIBU, TINGKAT 6, WISMA PERSEKUTUAN, BLOK 3, LOT 462, BROOKE DRIVE",96000,SIBU,1/1/1927,111.912588,2.21424571
SARAWAK,PPD SIBU,YCC3230,SEKOLAH JENIS KEBANGSAAN (CINA) CHAO SU,诗巫超俗华小,"D/A PEJABAT PENDIDIKAN DAERAH SIBU, TINGKAT 6, WISMA PERSEKUTUAN, BLOK 3, LOT 462, BROOKE DRIVE",96000,SIBU,12/1/1924,111.7294387,2.27416739
SARAWAK,PPD SIBU,YCC3231,SEKOLAH JENIS KEBANGSAAN (CINA) BOI ING,诗巫培英华小,"D/A PEJABAT PENDIDIKAN DAERAH SIBU, TINGKAT 6, WISMA PERSEKUTUAN, BLOK 3, LOT 462, BROOKE DRIVE",96000,SIBU,1/1/1925,111.7067045,2.292497737
SARAWAK,PPD SIBU,YCC3232,SEKOLAH JENIS KEBANGSAAN (CINA) TAI TUNG 2,诗巫大同华小,"D/A PEJABAT PENDIDIKAN DAERAH SIBU, TINGKAT 6, WISMA PERSEKUTUAN, BLOK 3, LOT 462, BROOKE DRIVE",96000,SIBU,1/1/1961,111.7562141,2.275296994
SARAWAK,PPD SIBU,YCC3233,SEKOLAH JENIS KEBANGSAAN (CINA) HING UNG,诗巫兴文华小,"D/A PEJABAT PENDIDIKAN DAERAH SIBU, TINGKAT 6, WISMA PERSEKUTUAN, BLOK 3, LOT 462, BROOKE DRIVE",96000,SIBU,1/1/1959,111.9672918,2.140569851
SARAWAK,PPD SIBU,YCC3234,SEKOLAH JENIS KEBANGSAAN (CINA) KIANG HIN,诗巫建兴华小,"D/A PEJABAT PENDIDIKAN DAERAH SIBU, TINGKAT 6, WISMA PERSEKUTUAN, BLOK 3, LOT 462, BROOKE DRIVE",96000,SIBU,1/12/1928,111.8725167,2.354583333
SARAWAK,PPD SIBU,YCC3235,SEKOLAH JENIS KEBANGSAAN (CINA) NENG SHING,诗巫宁兴华小,"D/A PEJABAT PENDIDIKAN DAERAH SIBU, TINGKAT 6, WISMA PERSEKUTUAN, BLOK 3, LOT 462, BROOKE DRIVE",96000,SIBU,1/1/1936,111.9987858,2.15649812
SARAWAK,PPD SIBU,YCC3236,SEKOLAH JENIS KEBANGSAAN (CINA) CHUNG CHENG,诗巫中正华小,"D/A PEJABAT PENDIDIKAN DAERAH SIBU, TINGKAT 6, WISMA PERSEKUTUAN, BLOK 3, LOT 462, BROOKE DRIVE",96000,SIBU,1/1/1917,111.776338,2.2427274
SARAWAK,PPD SIBU,YCC3237,SEKOLAH JENIS KEBANGSAAN (CINA) KAI DEE,诗巫开智华小,"D/A PEJABAT PENDIDIKAN DAERAH SIBU, TINGKAT 6, WISMA PERSEKUTUAN, BLOK 3, LOT 462, BROOKE DRIVE",96000,SIBU,1/1/1924,111.69439,2.29839
SARAWAK,PPD SIBU,YCC3238,SEKOLAH JENIS KEBANGSAAN (CINA) YUK CHAI,诗巫育才华小,"D/A PEJABAT PENDIDIKAN DAERAH SIBU, TINGKAT 6, WISMA PERSEKUTUAN, BLOK 3, LOT 462, BROOKE DRIVE",96000,SIBU,1/1/1915,112.0407551,2.147957111
SARAWAK,PPD KANOWIT,YCC3301,SEKOLAH JENIS KEBANGSAAN (CINA) CHIH MONG,加拿逸启蒙华小,D/A PEJABAT PENDIDIKAN DAERAH KANOWIT,96700,KANOWIT,1/1/1950,112.07935,2.134916667
SARAWAK,PPD KANOWIT,YCC3302,SEKOLAH JENIS KEBANGSAAN (CINA) SING SHING,加拿逸新兴华小,D/A PEJABAT PENDIDIKAN DAERAH KANOWIT,96700,KANOWIT,1/1/1952,112.0777333,2.141766667
SARAWAK,PPD KANOWIT,YCC3303,SEKOLAH JENIS KEBANGSAAN (CINA) YEE TING,加拿逸沂亭华小,D/A PEJABAT PENDIDIKAN DAERAH KANOWIT,96700,KANOWIT,1/1/1914,112.1566466,2.102081692
SARAWAK,PPD KANOWIT,YCC3304,SEKOLAH JENIS KEBANGSAAN (CINA) MING WOK,加拿逸闽粤华小,PEJABAT PENDIDIKAN DAERAH KANOWIT,96700,KANOWIT,1/1/1953,112.3998938,2.023218261
SARAWAK,PPD KANOWIT,YCC3305,SEKOLAH JENIS KEBANGSAAN (CINA) LIANG HUA,加拿逸联华华小,"LIAN HUP ESTATE, SUNGAI DAJI",96700,KANOWIT,1/1/1947,112.1959413,2.078769866
SARAWAK,PPD KANOWIT,YCC3306,SEKOLAH JENIS KEBANGSAAN (CINA) SHING KOK,加拿逸兴国华小,"SG. PEDAI, JALAN NIBONG TADA",96700,KANOWIT,1/1/1928,112.1299,2.133083333
SARAWAK,PPD KANOWIT,YCC3307,SEKOLAH JENIS KEBANGSAAN (CINA) NAM HUA,加拿逸南华华小,D/A PEJABAT PENDIDIKAN DAERAH KANOWIT,96700,KANOWIT,1/1/1953,112.3244272,2.054871272
SARAWAK,PPD KANOWIT,YCC3308,SEKOLAH JENIS KEBANGSAAN (CINA) YOK MING,加拿逸育民华小,D/A PEJABAT PENDIDIKAN DAERAH KANOWIT,96700,KANOWIT,1/1/1953,112.1549,2.132733333
SARAWAK,PPD KANOWIT,YCC3309,SEKOLAH JENIS KEBANGSAAN (CINA) SHING HUA,加拿逸兴华华小,D/A PEJABAT PENDIDIKAN DAERAH KANOWIT,96700,KANOWIT,1/1/1938,112.120317,2.120821
SARAWAK,PPD KANOWIT,YCC3311,SEKOLAH JENIS KEBANGSAAN (CINA) CHENG HUA,加拿逸正华华小,D/A PEJABAT PENDIDIKAN DAERAH KANOWIT,96700,KANOWIT,1/1/1954,112.0205667,2.019483333
SARAWAK,PPD MUKAH,YCC3402,SEKOLAH JENIS KEBANGSAAN (CINA) EK HUA,沐胶益华华小,"D/A PEJABAT PENDIDIKAN DAERAH MUKAH, JALAN HAJI MOHAMAD FAUZI",96400,MUKAH,1/1/1930,112.14565,2.879728
SARAWAK,PPD MUKAH,YCC3403,SEKOLAH JENIS KEBANGSAAN (CINA) CHONG BOON,沐胶崇文华小,"D/A PEJABAT PENDIDIKAN DAERAH MUKAH, JALAN HAJI MOHAMAD FAUZI",96400,MUKAH,1/3/1928,112.094714,2.898242
SARAWAK,PPD MUKAH,YCC3404,SEKOLAH JENIS KEBANGSAAN (CINA) CHUNG HUA BALINGIAN,沐胶万年烟中华华小,"D/A PEJABAT PENDIDIKAN DAERAH MUKAH, JALAN HAJI MOHAMAD FAUZI",96400,MUKAH,1/1/1932,112.541353,2.932765
SARAWAK,PPD SELANGAU,YCC3405,SEKOLAH JENIS KEBANGSAAN (CINA) TONG AH,诗巫实兰高镇东亚华小,"KM 83, JALAN SIBU-BINTULU, SELANGAU",96000,SIBU,1/5/1998,112.3255833,2.528916667
SARAWAK,PPD DALAT,YCC3501,SEKOLAH JENIS KEBANGSAAN (CINA) YAK TEE,达叻乌也益智华小,D/A PEJABAT PENDIDIKAN DAERAH DALAT,96300,DALAT,1/1/1938,111.8741488,2.856157948
SARAWAK,PPD DALAT,YCC3502,SEKOLAH JENIS KEBANGSAAN (CINA) CHIN HUA,达叻振华华小,D/A PEJABAT PENDIDIKAN DAERAH DALAT,96300,DALAT,1/1/1929,111.9390951,2.741422266
SARAWAK,PPD DALAT,YCC3503,SEKOLAH JENIS KEBANGSAAN (CINA) SAN SAN,达叻三山华小,D/A PEJABAT PENDIDIKAN DAERAH DALAT,96300,DALAT,28/10/1949,112.0447401,2.651175884
SARAWAK,PPD DALAT,YCC3504,SEKOLAH JENIS KEBANGSAAN (CINA) POI YUK,达叻培育华小,D/A PEJABAT PENDIDIKAN DAERAH DALAT,96300,DALAT,1/1/1957,111.8387904,2.715813707
SARAWAK,PPD MIRI,YCC4101,SEKOLAH JENIS KEBANGSAAN (CINA) CHUNG HUA MIRI,美里中华公学,"D/A PEJABAT PENDIDIKAN DAERAH MIRI, TINGKAT 2, WISMA PERSEKUTUAN, JALAN KIPAS",98000,MIRI,1/1/1945,113.9897833,4.392766667
SARAWAK,PPD MIRI,YCC4102,SEKOLAH JENIS KEBANGSAAN (CINA) CHUNG HUA KROKOP,美里珠巴中华公学,"D/A PEJABAT PENDIDIKAN DAERAH MIRI, TINGKAT 2, WISMA PERSEKUTUAN, JALAN KIPAS",98000,MIRI,1/1/1946,113.99815,4.4222
SARAWAK,PPD MIRI,YCC4103,SEKOLAH JENIS KEBANGSAAN (CINA) CHUNG HUA LUTONG,美里罗东中华公学,"JALAN SEKOLAH, LUTONG",98000,MIRI,1/1/1947,114.0042538,4.467889035
SARAWAK,PPD MIRI,YCC4104,SEKOLAH JENIS KEBANGSAAN (CINA) CHUNG HUA PUJUT,美里埔奕中华公学,"D/A PEJABAT PENDIDIKAN DAERAH MIRI, TINGKAT 2, WISMA PERSEKUTUAN, JALAN KIPAS",98000,MIRI,1/1/1946,114.0140333,4.4384
SARAWAK,PPD MIRI,YCC4105,SEKOLAH JENIS KEBANGSAAN (CINA) CHUNG HUA BAKAM,美里峇甘中华公学,"D/A PEJABAT PENDIDIKAN DAERAH MIRI, TINGKAT 2, WISMA PERSEKUTUAN, JALAN KIPAS",98000,MIRI,3/5/1954,113.9599833,4.239583333
SARAWAK,PPD MIRI,YCC4106,SEKOLAH JENIS KEBANGSAAN (CINA) CHUNG SAN MIRI,美里廉律中山华小,"D/A PEJABAT PENDIDIKAN DAERAH MIRI, TINGKAT 2, WISMA PERSEKUTUAN, JALAN KIPAS",98000,MIRI,15/3/1940,114.0030167,4.342583333
SARAWAK,PPD MIRI,YCC4107,SEKOLAH JENIS KEBANGSAAN (CINA) CHUNG HUA TUDAN,美里杜当中华华小,"D/A PEJABAT PENDIDIKAN DAERAH MIRI, TINGKAT 2, WISMA PERSEKUTUAN, JALAN KIPAS",98000,MIRI,1/1/2006,114.0443328,4.484806235
SARAWAK,PPD MIRI,YCC4108,SEKOLAH JENIS KEBANGSAAN (CINA) CHIAW NAN,美里侨南华小,"LOT 7958, BLOK 5, LAMBIR LAND DISTRICT, TAMAN JELITA",98000,MIRI,1/1/1946,113.9943606,4.295017267
SARAWAK,PPD BARAM,YCC4302,SEKOLAH JENIS KEBANGSAAN (CINA) CHUNG HUA,马鲁帝中华华小,"D/A PEJABAT PENDIDIKAN DAERAH BARAM, LOT 2241, JALAN MARUDI/ULU LENEI",98050,"MARUDI, BARAM",11/4/1926,114.323827,4.179582
SARAWAK,PPD BARAM,YCC4303,SEKOLAH JENIS KEBANGSAAN (CINA) KEE TEE,弄拉玛启智华小,"D/A PEJABAT PENDIDIKAN DAERAH BARAM, LOT 2241, JALAN MARUDI/ULU LENEI",98050,MARUDI,14/1/1947,114.4041455,3.762061431
SARAWAK,PPD BARAM,YCC4305,SEKOLAH JENIS KEBANGSAAN (CINA) HUA NAM,峇南华南华小,"D/A PEJABAT PENDIDIKAN DAERAH BARAM, LOT 2241, JALAN MARUDI/ULU LENEI",98050,"MARUDI, BARAM",1/1/1935,114.348339,4.129354
SARAWAK,PPD SUBIS,YCC4401,SEKOLAH JENIS KEBANGSAAN (CINA) CHUNG HUA SIBUTI,实务的中华华小,D/A PEJABAT PENDIDIKAN DAERAH SUBIS,98150,BEKENU,1/1/1930,113.8446923,4.05890499
SARAWAK,PPD SUBIS,YCC4402,SEKOLAH JENIS KEBANGSAAN (CINA) CHEE MUNG,石山启蒙华小,D/A PEJABAT PENDIDIKAN DAERAH SUBIS,98150,BEKENU,1/1/1946,113.7573807,3.803925579
SARAWAK,PPD SUBIS,YCC4403,SEKOLAH JENIS KEBANGSAAN (CINA) CHIN NAM,尼亚振南华小,D/A PEJABAT PENDIDIKAN DAERAH SUBIS,98150,BEKENU,1/1/1922,113.7189786,3.866329314
SARAWAK,PPD SUBIS,YCC4404,SEKOLAH JENIS KEBANGSAAN (CINA) CHUNG HUA SG LUMUT,弄勿中华公学,D/A PEJABAT PENDIDIKAN DAERAH SUBIS,98150,BEKENU,1/1/1955,113.812911,4.03903
SARAWAK,PPD LIMBANG,YCC5101,SEKOLAH JENIS KEBANGSAAN (CINA) CHUNG HWA LIMBANG,林梦中华华小,"D/A PEJABAT PENDIDIKAN DAERAH LIMBANG, TINGKAT 1, WISMA PERSEKUTUAN, JALAN MUHIBBAH",98707,LIMBANG,12/10/1917,115.0190295,4.755544256
SARAWAK,PPD LIMBANG,YCC5102,SEKOLAH JENIS KEBANGSAAN (CINA) YUK HIN,林梦育兴华小,"D/A PEJABAT PENDIDIKAN DAERAH LIMBANG, TINGKAT 1, WISMA PERSEKUTUAN, JALAN MUHIBBAH",98707,LIMBANG,1/1/2008,115.0303451,4.760922912
SARAWAK,PPD LAWAS,YCC5201,SEKOLAH JENIS KEBANGSAAN (CINA) CHUNG HUA TRUSAN,大老山中华华小,"D/A PEJABAT PENDIDIKAN DAERAH LAWAS, TINGKAT BAWAH, WISMA PERSEKUTUAN",98850,LAWAS,1/1/1948,115.2760667,4.78435
SARAWAK,PPD LAWAS,YCC5202,SEKOLAH JENIS KEBANGSAAN (CINA) CHUNG HWA LAWAS,老越中华华小,"D/A PEJABAT PENDIDIKAN DAERAH LAWAS, TINGKAT BAWAH, WISMA PERSEKUTUAN",98850,LAWAS,1/1/1905,115.4051333,4.86155
SARAWAK,PPD LAWAS,YCC5203,SEKOLAH JENIS KEBANGSAAN (CINA) SOON HWA SUNDAR,顺叻顺华华小,"D/A PEJABAT PENDIDIKAN DAERAH LAWAS, TINGKAT BAWAH, WISMA PERSEKUTUAN",98800,LAWAS,1/1/1953,115.207647,4.887986
SARAWAK,PPD SARIKEI,YCC6102,SEKOLAH JENIS KEBANGSAAN (CINA) BULAT,泗里街巫叻华小,"D/A PEJABAT PENDIDIKAN DAERAH SARIKEI, TINGKAT 1, WISMA PERSEKUTUAN, JALAN BANGUNAN KERAJAAN",96100,SARIKEI,1/1/1952,111.536944,2.05032
SARAWAK,PPD SARIKEI,YCC6103,SEKOLAH JENIS KEBANGSAAN (CINA) KWANG CHIEN,泗里街广建华小,"D/A PEJABAT PENDIDIKAN DAERAH SARIKEI, TINGKAT 1, WISMA PERSEKUTUAN, JALAN BANGUNAN KERAJAAN",96100,SARIKEI,15/1/1927,111.5232333,2.13065
SARAWAK,PPD SARIKEI,YCC6104,SEKOLAH JENIS KEBANGSAAN (CINA) SU HING,泗里街泗兴华小,"D/A PEJABAT PENDIDIKAN DAERAH SARIKEI, TINGKAT 1, WISMA PERSEKUTUAN, JALAN BANGUNAN KERAJAAN",96100,SARIKEI,3/2/1939,111.506829,2.080288783
SARAWAK,PPD SARIKEI,YCC6105,SEKOLAH JENIS KEBANGSAAN (CINA) SU KWONG,泗里街泗光华小,"D/A PEJABAT PENDIDIKAN DAERAH SARIKEI, TINGKAT 1, WISMA PERSEKUTUAN, JALAN BANGUNAN KERAJAAN",96100,SARIKEI,1/1/1920,111.524832,2.086117994
SARAWAK,PPD SARIKEI,YCC6106,SEKOLAH JENIS KEBANGSAAN (CINA) SU MING,泗里街泗民华小,"D/A PEJABAT PENDIDIKAN DAERAH SARIKEI, TINGKAT 1, WISMA PERSEKUTUAN, JALAN BANGUNAN KERAJAAN",96100,SARIKEI,1/1/1939,111.5471209,2.133793005
SARAWAK,PPD SARIKEI,YCC6107,SEKOLAH JENIS KEBANGSAAN (CINA) SU TAK,泗里街泗达华小,"D/A PEJABAT PENDIDIKAN DAERAH SARIKEI, TINGKAT 1, WISMA PERSEKUTUAN, JALAN BANGUNAN KERAJAAN",96100,SARIKEI,1/11/1932,111.5674187,2.145363124
SARAWAK,PPD SARIKEI,YCC6108,SEKOLAH JENIS KEBANGSAAN (CINA) SIUNG HUA,泗里街松华华小,"D/A PEJABAT PENDIDIKAN DAERAH SARIKEI, TINGKAT 1, WISMA PERSEKUTUAN, JALAN BANGUNAN KERAJAAN",96100,SARIKEI,1/1/1950,111.5377167,2.070566667
SARAWAK,PPD SARIKEI,YCC6110,SEKOLAH JENIS KEBANGSAAN (CINA) WAH MAN,泗里街华民华小,"D/A PEJABAT PENDIDIKAN DAERAH SARIKEI, TINGKAT 1, WISMA PERSEKUTUAN, JALAN BANGUNAN KERAJAAN",96100,SARIKEI,13/3/1953,111.5302287,2.106421082
SARAWAK,PPD SARIKEI,YCC6111,SEKOLAH JENIS KEBANGSAAN (CINA) SING MING,泗里街新民华小,"D/A PEJABAT PENDIDIKAN DAERAH SARIKEI, TINGKAT 1, WISMA PERSEKUTUAN, JALAN BANGUNAN KERAJAAN",96100,SARIKEI,1/1/1946,111.5637052,2.008911503
SARAWAK,PPD SARIKEI,YCC6112,SEKOLAH JENIS KEBANGSAAN (CINA) SU LEE,泗里街泗利华小,"D/A PEJABAT PENDIDIKAN DAERAH SARIKEI, TINGKAT 1, WISMA PERSEKUTUAN, JALAN BANGUNAN KERAJAAN",96100,SARIKEI,1/1/1936,111.5062167,2.121283333
SARAWAK,PPD SARIKEI,YCC6113,SEKOLAH JENIS KEBANGSAAN (CINA) SU DOK,泗里街泗铎华小,"D/A PEJABAT PENDIDIKAN DAERAH SARIKEI, TINGKAT 1, WISMA PERSEKUTUAN, JALAN BANGUNAN KERAJAAN",96100,SARIKEI,1/1/1946,111.5751167,2.034016667
SARAWAK,PPD SARIKEI,YCC6114,SEKOLAH JENIS KEBANGSAAN (CINA) SAN MING,泗里街三民华小,"D/A PEJABAT PENDIDIKAN DAERAH SARIKEI, TINGKAT 1, WISMA PERSEKUTUAN, JALAN BANGUNAN KERAJAAN",96100,SARIKEI,10/1/1946,111.4187023,2.055720115
SARAWAK,PPD SARIKEI,YCC6115,SEKOLAH JENIS KEBANGSAAN (CINA) MING TAK,泗里街民德华小,"D/A PEJABAT PENDIDIKAN DAERAH SARIKEI, TINGKAT 1, WISMA PERSEKUTUAN, JALAN BANGUNAN KERAJAAN",96100,SARIKEI,1/1/1955,111.6055167,2.042583333
SARAWAK,PPD SARIKEI,YCC6117,SEKOLAH JENIS KEBANGSAAN (CINA) ST MARTIN,泗里街圣玛丁华小,"D/A PEJABAT PENDIDIKAN DAERAH SARIKEI, TINGKAT 1, WISMA PERSEKUTUAN, JALAN BANGUNAN KERAJAAN",96100,SARIKEI,1/1/1946,111.4934667,2.04115
SARAWAK,PPD JULAU,YCC6201,SEKOLAH JENIS KEBANGSAAN (CINA) YUK KUNG,如楼县育群华小,D/A PEJABAT PENDIDIKAN DAERAH JULAU,96600,JULAU,1/1/1950,111.9142119,2.022450187
SARAWAK,PPD MERADONG,YCC6302,SEKOLAH JENIS KEBANGSAAN (CINA) KUNG CHENG,马拉端公正华小,"D/A PEJABAT PENDIDIKAN DAERAH MERADONG, JALAN BERJAYA",96500,BINTANGOR,1/1/1951,111.7360062,2.121181006
SARAWAK,PPD MERADONG,YCC6303,SEKOLAH JENIS KEBANGSAAN (CINA) MING LU,马拉端明鲁华小,"D/A PEJABAT PENDIDIKAN DAERAH MERADONG, JALAN BERJAYA",96500,BINTANGOR,1/1/1933,111.6902333,2.103633333
SARAWAK,PPD MERADONG,YCC6304,SEKOLAH JENIS KEBANGSAAN (CINA) YONG KWONG,马拉端扬光华小,"D/A PEJABAT PENDIDIKAN DAERAH MERADONG, JALAN BERJAYA",96500,BINTANGOR,1/1/1933,111.7118591,2.134549355
SARAWAK,PPD MERADONG,YCC6305,SEKOLAH JENIS KEBANGSAAN (CINA) TONG HUA,马拉端东华华小,"D/A PEJABAT PENDIDIKAN DAERAH MERADONG, JALAN BERJAYA",96500,BINTANGOR,1/1/1931,111.7384709,2.153789948
SARAWAK,PPD MERADONG,YCC6306,SEKOLAH JENIS KEBANGSAAN (CINA) NAN CHIEW,马拉端南侨华小,"D/A PEJABAT PENDIDIKAN DAERAH MERADONG, JALAN BERJAYA",96500,BINTANGOR,1/1/1946,111.6532843,2.121603667
SARAWAK,PPD MERADONG,YCC6307,SEKOLAH JENIS KEBANGSAAN (CINA) TUNG KWONG,马拉端东光华小,"D/A PEJABAT PENDIDIKAN DAERAH MERADONG, JALAN BERJAYA",96500,BINTANGOR,1/1/1933,111.7047,2.1005
SARAWAK,PPD MERADONG,YCC6308,SEKOLAH JENIS KEBANGSAAN (CINA) MING CHIANG,马拉端民强华小,"D/A PEJABAT PENDIDIKAN DAERAH MERADONG, JALAN BERJAYA",96500,BINTANGOR,1/1/1940,111.6235333,2.150166667
SARAWAK,PPD MERADONG,YCC6309,SEKOLAH JENIS KEBANGSAAN (CINA) MING SHING,马拉端明成华小,"D/A PEJABAT PENDIDIKAN DAERAH MERADONG, JALAN BERJAYA",96500,BINTANGOR,29/6/1936,111.61632,2.18551
SARAWAK,PPD MERADONG,YCC6310,SEKOLAH JENIS KEBANGSAAN (CINA) KAI CHUNG,马拉端开中华小,"D/A PEJABAT PENDIDIKAN DAERAH MERADONG, JALAN BERJAYA",96500,BINTANGOR,1/1/1968,111.6384396,2.16733714
SARAWAK,PPD MERADONG,YCC6311,SEKOLAH JENIS KEBANGSAAN (CINA) MING TEE,马拉端明智华小,"D/A PEJABAT PENDIDIKAN DAERAH MERADONG, JALAN BERJAYA",96500,BINTANGOR,1/1/1930,111.6632333,2.149966667
SARAWAK,PPD MERADONG,YCC6313,SEKOLAH JENIS KEBANGSAAN (CINA) MIN DAIK,马拉端明哲华小,"D/A PEJABAT PENDIDIKAN DAERAH MERADONG, JALAN BERJAYA",96500,BINTANGOR,31/1/1930,111.6773531,2.079973625
SARAWAK,PPD MERADONG,YCC6314,SEKOLAH JENIS KEBANGSAAN (CINA) MING CHING,马拉端明正华小,"D/A PEJABAT PENDIDIKAN DAERAH MERADONG, JALAN BERJAYA",96500,BINTANGOR,1/1/1945,111.6886,2.083733333
SARAWAK,PPD MERADONG,YCC6315,SEKOLAH JENIS KEBANGSAAN (CINA) NANG HUA,马拉端南华华小,"D/A PEJABAT PENDIDIKAN DAERAH MERADONG, JALAN BERJAYA",96500,BINTANGOR,1/1/1931,111.731,2.187
SARAWAK,PPD MERADONG,YCC6317,SEKOLAH JENIS KEBANGSAAN (CINA) KAI SING,马拉端开新华小,"D/A PEJABAT PENDIDIKAN DAERAH MERADONG, JALAN BERJAYA",96500,BINTANGOR,1/1/1951,111.7063174,2.0841026
SARAWAK,PPD DARO,YCC6401,SEKOLAH JENIS KEBANGSAAN (CINA) CHUNG HUA,马都中华小学,D/A PEJABAT PENDIDIKAN DAERAH DARO,96200,DARO,1/1/1948,111.5335153,2.67783378
SARAWAK,PPD KAPIT,YCC7101,SEKOLAH JENIS KEBANGSAAN (CINA) HOCK LAM,加帛福南华小,"D/A PEJABAT PENDIDIKAN DAERAH KAPIT, TINGKAT 1 & 2, WISMA PERSEKUTUAN, JALAN PENGHULU NYANGGAU",96800,KAPIT,1/1/1909,112.9386167,2.016833333
SARAWAK,PPD SONG,YCC7301,SEKOLAH JENIS KEBANGSAAN (CINA) HIN HUA,桑县兴华华小,D/A PEJABAT PENDIDIKAN DAERAH SONG,96850,SONG,4/3/1956,112.5471667,2.006466667
SARAWAK,PPD SAMARAHAN,YCC8101,SEKOLAH JENIS KEBANGSAAN (CINA) CHUNG HUA SG JERNANG,三马拉汉下港中华公学,"D/A PEJABAT PENDIDIKAN DAERAH SAMARAHAN, JALAN DATO MOHD MUSA",94300,KOTA SAMARAHAN,1/1/1938,110.41546,1.481474
SARAWAK,PPD SAMARAHAN,YCC8102,SEKOLAH JENIS KEBANGSAAN (CINA) CHUNG HUA TAMBIRAT,三马拉汉端必腊中华公学,"D/A PEJABAT PENDIDIKAN DAERAH SAMARAHAN, JALAN DATO MOHD MUSA",94300,KOTA SAMARAHAN,1/1/1921,110.5106458,1.544729011
SARAWAK,PPD SAMARAHAN,YCC8103,SEKOLAH JENIS KEBANGSAAN (CINA) CHUNG HUA ASAJAYA,雅沙再也中华公学,"D/A PEJABAT PENDIDIKAN DAERAH SAMARAHAN, JALAN DATO MOHD MUSA",94300,KOTA SAMARAHAN,1/1/1938,110.615563,1.543111
SARAWAK,PPD SAMARAHAN,YCC8104,SEKOLAH JENIS KEBANGSAAN (CINA) CHUNG HUA SAMBIR,三马拉汉三密中华公学,"LOT 167, BLOCK 18, MTLD, JLN ASAJAYA/SADONG JAYA",94600,ASAJAYA,1/1/1926,110.5580575,1.545996523
SARAWAK,PPD SAMARAHAN,YCC8105,SEKOLAH JENIS KEBANGSAAN (CINA) CHUNG HUA BAKO,峇哥中华公学,"PHASE 18 PARENT LOT 10889 BLOK 26, MUARA TUANG LAND DISTRICT",94300,KOTA SAMARAHAN,,110.4207947,1.45030094
SARAWAK,PPD SAMARAHAN,YCC8106,SEKOLAH JENIS KEBANGSAAN (CINA) KAI NANG,开南华小,"LOTS 1582 (LEASE 9808),1594 & 1621, CITY GARDEN PHASE 16",94300,KOTA SAMARAHAN,15/7/1961,110.403655,1.476623379
SARAWAK,PPD SERIAN,YCC8201,SEKOLAH JENIS KEBANGSAAN (CINA) CHUNG HUA SERIAN,西连中华公学,"D/A PEJABAT PENDIDIKAN DAERAH SERIAN, BATU 1, JALAN SERIAN/SRI AMAN",94700,SERIAN,19/10/1931,110.5659744,1.167598756
SARAWAK,PPD SERIAN,YCC8202,SEKOLAH JENIS KEBANGSAAN (CINA) CHUNG HUA BATU 29,西连廿九哩中华公学,"D/A PEJABAT PENDIDIKAN DAERAH SERIAN, BATU 1, JALAN SERIAN/SRI AMAN",94700,SERIAN,1/1/1939,110.4760242,1.256721479
SARAWAK,PPD SERIAN,YCC8204,SEKOLAH JENIS KEBANGSAAN (CINA) CHUNG HUA BATU 35,西连卅五哩中华公学,"D/A PEJABAT PENDIDIKAN DAERAH SERIAN, BATU 1, JALAN SERIAN/SRI AMAN",94700,SERIAN,1/1/1938,110.5394581,1.20196048
SARAWAK,PPD SERIAN,YCC8205,SEKOLAH JENIS KEBANGSAAN (CINA) CHUNG HUA BATU 32,西连卅二哩中华公学,"D/A PEJABAT PENDIDIKAN DAERAH SERIAN, BATU 1, JALAN SERIAN/SRI AMAN",94700,SERIAN,10/10/1937,110.513896,1.224011037
SARAWAK,PPD SIMUNJAN,YCC8301,SEKOLAH JENIS KEBANGSAAN (CINA) CHUNG HUA SIMUNJAN,实文然中华公学,D/A PEJABAT PENDIDIKAN DAERAH SIMUNJAN,94800,SIMUNJAN,1/1/1922,110.7519333,1.39585
SARAWAK,PPD SAMARAHAN,YCC8302,SEKOLAH JENIS KEBANGSAAN (CINA) CHUNG HUA SEMERA,三巴叻中华公学,"D/A PEJABAT PENDIDIKAN DAERAH SAMARAHAN, JALAN DATO MOHD MUSA",94300,KOTA SAMARAHAN,1/1/1963,110.6740875,1.534227395
SARAWAK,PPD SIMUNJAN,YCC8303,SEKOLAH JENIS KEBANGSAAN (CINA) CHUNG HUA SEBANGAN,西邦岸中华公学,D/A PEJABAT PENDIDIKAN DAERAH SIMUNJAN,94800,SIMUNJAN,1/8/1947,110.7724957,1.556580035
SARAWAK,PPD SAMARAHAN,YCC8304,SEKOLAH JENIS KEBANGSAAN (CINA) CHUNG HUA JEMUKAN,儒慕间中华公学,"D/A PEJABAT PENDIDIKAN DAERAH SAMARAHAN, JALAN DATO MOHD MUSA",94300,KOTA SAMARAHAN,15/1/1946,110.685424,1.533357
SARAWAK,PPD SIMUNJAN,YCC8306,SEKOLAH JENIS KEBANGSAAN (CINA) CHUNG HUA SEBUYAU,新巫瑶中华公学,D/A PEJABAT PENDIDIKAN DAERAH SIMUNJAN,94850,SIMUNJAN,1/1/1942,110.9347728,1.520888684
SARAWAK,PPD BINTULU,YCC9101,SEKOLAH JENIS KEBANGSAAN (CINA) CHUNG HUA BINTULU,民都鲁中华公学,"D/A PEJABAT PENDIDIKAN DAERAH BINTULU, KM. 5, JALAN SULTAN ISKANDAR",97000,BINTULU,5/2/1919,113.0377767,3.188584655
SARAWAK,PPD TATAU/SEBAUH,YCC9102,SEKOLAH JENIS KEBANGSAAN (CINA) CHUNG SAN,实巴荷中山华小,PEKAN SEBAUH,97100,SEBAUH,1/1/1948,113.271068,3.109021898
SARAWAK,PPD BINTULU,YCC9103,SEKOLAH JENIS KEBANGSAAN (CINA) SIONG BOON,民都鲁尚文公学,"D/A PEJABAT PENDIDIKAN DAERAH BINTULU, KM. 5, JALAN SULTAN ISKANDAR",97000,BINTULU,12/1/1935,113.07265,3.1811
SARAWAK,PPD BINTULU,YCC9104,SEKOLAH JENIS KEBANGSAAN (CINA) CHUNG HUA BINTULU 2,民都鲁中华公学二校,"D/A PEJABAT PENDIDIKAN DAERAH BINTULU, KM. 5, JALAN SULTAN ISKANDAR",97000,BINTULU,10/6/2008,113.0578646,3.208866967
SARAWAK,PPD TATAU/SEBAUH,YCC9201,SEKOLAH JENIS KEBANGSAAN (CINA) CHUNG HUA TATAU,达岛中华公学,"D/A PEJABAT PENDIDIKAN DAERAH TATAU, JALAN KAMPUNG DAGANG",97200,"TATAU, BINTULU",27/3/1960,112.8580456,2.879424717
SARAWAK,PPD SIBU,YCH3101,SEKOLAH JENIS KEBANGSAAN (CINA) METHODIST,诗巫卫理小学,"D/A PEJABAT PENDIDIKAN DAERAH SIBU, TINGKAT 6, WISMA PERSEKUTUAN, BLOK 3, LOT 462, BROOKE DRIVE",96000,SIBU,27/5/1903,111.825733,2.289367
SARAWAK,PPD SARIKEI,YCH6101,SEKOLAH KEBANGSAAN METHODIST ANGLO-CHINESE,泗里街卫理英华小学,"D/A PEJABAT PENDIDIKAN DAERAH SARIKEI, TINGKAT 1, WISMA PERSEKUTUAN, JALAN BANGUNAN KERAJAAN",96100,SARIKEI,1/1/1954,111.521217,2.129617
